[{"model": "admin.logentry", "pk": 1, "fields": {"action_time": "2021-02-12T05:54:45.312Z", "user": 1, "content_type": 7, "object_id": "1", "object_repr": "Mukesh Patel School of Technology Management & Engineering", "action_flag": 1, "change_message": "[{\"added\": {}}]"}}, {"model": "admin.logentry", "pk": 2, "fields": {"action_time": "2021-02-12T05:54:59.769Z", "user": 1, "content_type": 7, "object_id": "2", "object_repr": "Mithibai College", "action_flag": 1, "change_message": "[{\"added\": {}}]"}}, {"model": "admin.logentry", "pk": 3, "fields": {"action_time": "2021-02-12T05:55:20.988Z", "user": 1, "content_type": 7, "object_id": "3", "object_repr": "School of Business Management", "action_flag": 1, "change_message": "[{\"added\": {}}]"}}, {"model": "admin.logentry", "pk": 4, "fields": {"action_time": "2021-02-12T05:55:45.132Z", "user": 1, "content_type": 7, "object_id": "4", "object_repr": "MMK Bandra", "action_flag": 1, "change_message": "[{\"added\": {}}]"}}, {"model": "admin.logentry", "pk": 5, "fields": {"action_time": "2021-02-12T05:58:32.382Z", "user": 1, "content_type": 8, "object_id": "1", "object_repr": "Elixir Fitness", "action_flag": 1, "change_message": "[{\"added\": {}}]"}}, {"model": "admin.logentry", "pk": 6, "fields": {"action_time": "2021-02-12T06:04:22.261Z", "user": 1, "content_type": 8, "object_id": "2", "object_repr": "HanMan GYM", "action_flag": 1, "change_message": "[{\"added\": {}}]"}}, {"model": "admin.logentry", "pk": 7, "fields": {"action_time": "2021-02-12T06:08:27.834Z", "user": 1, "content_type": 8, "object_id": "3", "object_repr": "Anytime Fitness Vile Parle West", "action_flag": 1, "change_message": "[{\"added\": {}}]"}}, {"model": "admin.logentry", "pk": 8, "fields": {"action_time": "2021-02-12T06:08:45.692Z", "user": 1, "content_type": 8, "object_id": "3", "object_repr": "Anytime Fitness Vile Parle West", "action_flag": 2, "change_message": "[{\"changed\": {\"fields\": [\"College\"]}}]"}}, {"model": "admin.logentry", "pk": 9, "fields": {"action_time": "2021-02-12T06:10:33.215Z", "user": 1, "content_type": 8, "object_id": "4", "object_repr": "Vie Fit", "action_flag": 1, "change_message": "[{\"added\": {}}]"}}, {"model": "admin.logentry", "pk": 10, "fields": {"action_time": "2021-02-16T16:20:18.495Z", "user": 1, "content_type": 8, "object_id": "4", "object_repr": "Vie Fit", "action_flag": 2, "change_message": "[{\"changed\": {\"fields\": [\"Image\"]}}]"}}, {"model": "admin.logentry", "pk": 11, "fields": {"action_time": "2021-02-16T16:48:05.930Z", "user": 1, "content_type": 8, "object_id": "4", "object_repr": "Vie Fit", "action_flag": 3, "change_message": ""}}, {"model": "admin.logentry", "pk": 12, "fields": {"action_time": "2021-02-16T16:48:05.994Z", "user": 1, "content_type": 8, "object_id": "3", "object_repr": "Anytime Fitness Vile Parle West", "action_flag": 3, "change_message": ""}}, {"model": "admin.logentry", "pk": 13, "fields": {"action_time": "2021-02-16T16:48:06.028Z", "user": 1, "content_type": 8, "object_id": "2", "object_repr": "HanMan GYM", "action_flag": 3, "change_message": ""}}, {"model": "admin.logentry", "pk": 14, "fields": {"action_time": "2021-02-16T16:48:06.064Z", "user": 1, "content_type": 8, "object_id": "1", "object_repr": "Elixir Fitness", "action_flag": 3, "change_message": ""}}, {"model": "admin.logentry", "pk": 15, "fields": {"action_time": "2021-02-16T16:59:44.273Z", "user": 1, "content_type": 8, "object_id": "1", "object_repr": "sagar Gym", "action_flag": 1, "change_message": "[{\"added\": {}}]"}}, {"model": "admin.logentry", "pk": 16, "fields": {"action_time": "2021-02-16T17:01:16.290Z", "user": 1, "content_type": 8, "object_id": "1", "object_repr": "Han Man", "action_flag": 2, "change_message": "[{\"changed\": {\"fields\": [\"ShopName\", \"Description\", \"Distance\", \"PhoneNumber\", \"Rating\"]}}]"}}, {"model": "admin.logentry", "pk": 17, "fields": {"action_time": "2021-02-16T17:04:10.281Z", "user": 1, "content_type": 8, "object_id": "2", "object_repr": "Anytime Fitness Vile Parle West", "action_flag": 1, "change_message": "[{\"added\": {}}]"}}, {"model": "admin.logentry", "pk": 18, "fields": {"action_time": "2021-02-16T17:06:11.516Z", "user": 1, "content_type": 8, "object_id": "3", "object_repr": "Befit", "action_flag": 1, "change_message": "[{\"added\": {}}]"}}, {"model": "admin.logentry", "pk": 19, "fields": {"action_time": "2021-02-16T17:07:52.972Z", "user": 1, "content_type": 8, "object_id": "4", "object_repr": "The Osho Book Shop", "action_flag": 1, "change_message": "[{\"added\": {}}]"}}, {"model": "admin.logentry", "pk": 20, "fields": {"action_time": "2021-02-16T17:09:56.604Z", "user": 1, "content_type": 8, "object_id": "5", "object_repr": "Vijay Book Centre", "action_flag": 1, "change_message": "[{\"added\": {}}]"}}, {"model": "admin.logentry", "pk": 21, "fields": {"action_time": "2021-02-16T17:11:48.704Z", "user": 1, "content_type": 8, "object_id": "6", "object_repr": "SVKM'S Shri G.R. Jani Hostel", "action_flag": 1, "change_message": "[{\"added\": {}}]"}}, {"model": "admin.logentry", "pk": 22, "fields": {"action_time": "2021-02-16T17:12:59.222Z", "user": 1, "content_type": 8, "object_id": "6", "object_repr": "SVKM'S Shri G.R. Jani Hostel", "action_flag": 2, "change_message": "[{\"changed\": {\"fields\": [\"Type\"]}}]"}}, {"model": "admin.logentry", "pk": 23, "fields": {"action_time": "2021-02-16T17:22:57.027Z", "user": 1, "content_type": 9, "object_id": "1", "object_repr": "Anytime Fitness Vile Parle West", "action_flag": 1, "change_message": "[{\"added\": {}}]"}}, {"model": "admin.logentry", "pk": 24, "fields": {"action_time": "2021-02-16T17:23:04.365Z", "user": 1, "content_type": 9, "object_id": "2", "object_repr": "Anytime Fitness Vile Parle West", "action_flag": 1, "change_message": "[{\"added\": {}}]"}}, {"model": "admin.logentry", "pk": 25, "fields": {"action_time": "2021-02-16T17:23:14.306Z", "user": 1, "content_type": 9, "object_id": "3", "object_repr": "Anytime Fitness Vile Parle West", "action_flag": 1, "change_message": "[{\"added\": {}}]"}}, {"model": "admin.logentry", "pk": 26, "fields": {"action_time": "2021-02-16T17:23:24.007Z", "user": 1, "content_type": 9, "object_id": "4", "object_repr": "Anytime Fitness Vile Parle West", "action_flag": 1, "change_message": "[{\"added\": {}}]"}}, {"model": "admin.logentry", "pk": 27, "fields": {"action_time": "2021-02-16T17:23:31.783Z", "user": 1, "content_type": 9, "object_id": "5", "object_repr": "Anytime Fitness Vile Parle West", "action_flag": 1, "change_message": "[{\"added\": {}}]"}}, {"model": "admin.logentry", "pk": 28, "fields": {"action_time": "2021-02-16T17:50:44.532Z", "user": 1, "content_type": 8, "object_id": "7", "object_repr": "Wish Safe Student Housing", "action_flag": 1, "change_message": "[{\"added\": {}}]"}}, {"model": "admin.logentry", "pk": 29, "fields": {"action_time": "2021-02-18T08:34:19.946Z", "user": 1, "content_type": 10, "object_id": "1", "object_repr": "Sagar Gajare", "action_flag": 1, "change_message": "[{\"added\": {}}]"}}, {"model": "admin.logentry", "pk": 30, "fields": {"action_time": "2021-02-18T08:36:29.595Z", "user": 1, "content_type": 10, "object_id": "1", "object_repr": "Sagar Gajare", "action_flag": 3, "change_message": ""}}, {"model": "admin.logentry", "pk": 31, "fields": {"action_time": "2021-02-18T08:58:03.638Z", "user": 1, "content_type": 10, "object_id": "6", "object_repr": "Sagar Gajare", "action_flag": 3, "change_message": ""}}, {"model": "admin.logentry", "pk": 32, "fields": {"action_time": "2021-02-18T08:58:08.800Z", "user": 1, "content_type": 10, "object_id": "5", "object_repr": "Sagar Gajare", "action_flag": 3, "change_message": ""}}, {"model": "admin.logentry", "pk": 33, "fields": {"action_time": "2021-02-18T08:58:08.842Z", "user": 1, "content_type": 10, "object_id": "4", "object_repr": "Sagar Gajare", "action_flag": 3, "change_message": ""}}, {"model": "admin.logentry", "pk": 34, "fields": {"action_time": "2021-02-18T08:58:08.877Z", "user": 1, "content_type": 10, "object_id": "3", "object_repr": "Sagar Gajaresc", "action_flag": 3, "change_message": ""}}, {"model": "admin.logentry", "pk": 35, "fields": {"action_time": "2021-02-18T08:58:08.956Z", "user": 1, "content_type": 10, "object_id": "2", "object_repr": "Sagar Gajare", "action_flag": 3, "change_message": ""}}, {"model": "admin.logentry", "pk": 36, "fields": {"action_time": "2021-02-18T13:53:44.720Z", "user": 1, "content_type": 11, "object_id": "1 Question", "object_repr": "1 Question", "action_flag": 1, "change_message": "[{\"added\": {}}]"}}, {"model": "admin.logentry", "pk": 37, "fields": {"action_time": "2021-02-18T13:53:51.822Z", "user": 1, "content_type": 11, "object_id": "2nd Question", "object_repr": "2nd Question", "action_flag": 1, "change_message": "[{\"added\": {}}]"}}, {"model": "admin.logentry", "pk": 38, "fields": {"action_time": "2021-02-19T12:56:03.615Z", "user": 1, "content_type": 8, "object_id": "8", "object_repr": "Khurshid Pav bhaaji", "action_flag": 1, "change_message": "[{\"added\": {}}]"}}, {"model": "admin.logentry", "pk": 39, "fields": {"action_time": "2021-02-19T12:58:59.479Z", "user": 1, "content_type": 8, "object_id": "9", "object_repr": "Sardaar Ji", "action_flag": 1, "change_message": "[{\"added\": {}}]"}}, {"model": "admin.logentry", "pk": 40, "fields": {"action_time": "2021-02-19T13:00:39.299Z", "user": 1, "content_type": 8, "object_id": "10", "object_repr": "Burgzooka", "action_flag": 1, "change_message": "[{\"added\": {}}]"}}, {"model": "admin.logentry", "pk": 41, "fields": {"action_time": "2021-02-19T13:04:23.762Z", "user": 1, "content_type": 8, "object_id": "11", "object_repr": "Anda Apna apna", "action_flag": 1, "change_message": "[{\"added\": {}}]"}}, {"model": "admin.logentry", "pk": 42, "fields": {"action_time": "2021-02-19T13:06:53.319Z", "user": 1, "content_type": 8, "object_id": "12", "object_repr": "The Roll Company", "action_flag": 1, "change_message": "[{\"added\": {}}]"}}, {"model": "admin.logentry", "pk": 43, "fields": {"action_time": "2021-02-19T13:09:35.203Z", "user": 1, "content_type": 8, "object_id": "13", "object_repr": "Joey's Pizza", "action_flag": 1, "change_message": "[{\"added\": {}}]"}}, {"model": "admin.logentry", "pk": 44, "fields": {"action_time": "2021-02-19T13:13:39.270Z", "user": 1, "content_type": 8, "object_id": "14", "object_repr": "KLS MEMORIAL HOSPITAL", "action_flag": 1, "change_message": "[{\"added\": {}}]"}}, {"model": "admin.logentry", "pk": 45, "fields": {"action_time": "2021-02-19T13:15:59.362Z", "user": 1, "content_type": 8, "object_id": "15", "object_repr": "Nanavati Super Speciality Hospital", "action_flag": 1, "change_message": "[{\"added\": {}}]"}}, {"model": "admin.logentry", "pk": 46, "fields": {"action_time": "2021-02-20T04:50:07.646Z", "user": 1, "content_type": 8, "object_id": "1", "object_repr": "Han Man", "action_flag": 2, "change_message": "[{\"changed\": {\"fields\": [\"College\", \"Type\"]}}]"}}, {"model": "admin.logentry", "pk": 47, "fields": {"action_time": "2021-02-20T05:02:22.682Z", "user": 1, "content_type": 8, "object_id": "10", "object_repr": "Burgzooka", "action_flag": 2, "change_message": "[{\"changed\": {\"fields\": [\"Image\"]}}]"}}, {"model": "admin.logentry", "pk": 48, "fields": {"action_time": "2021-02-20T05:02:37.748Z", "user": 1, "content_type": 8, "object_id": "14", "object_repr": "KLS MEMORIAL HOSPITAL", "action_flag": 2, "change_message": "[{\"changed\": {\"fields\": [\"Image\"]}}]"}}, {"model": "admin.logentry", "pk": 49, "fields": {"action_time": "2021-02-20T05:03:44.454Z", "user": 1, "content_type": 8, "object_id": "16", "object_repr": "Vie Fit", "action_flag": 1, "change_message": "[{\"added\": {}}]"}}, {"model": "admin.logentry", "pk": 50, "fields": {"action_time": "2021-02-20T05:05:06.133Z", "user": 1, "content_type": 8, "object_id": "17", "object_repr": "The J", "action_flag": 1, "change_message": "[{\"added\": {}}]"}}, {"model": "admin.logentry", "pk": 51, "fields": {"action_time": "2021-02-20T05:05:29.122Z", "user": 1, "content_type": 8, "object_id": "18", "object_repr": "Power point gym", "action_flag": 1, "change_message": "[{\"added\": {}}]"}}, {"model": "admin.logentry", "pk": 52, "fields": {"action_time": "2021-02-20T05:06:57.944Z", "user": 1, "content_type": 8, "object_id": "19", "object_repr": "Resculpt Fitness", "action_flag": 1, "change_message": "[{\"added\": {}}]"}}, {"model": "admin.logentry", "pk": 53, "fields": {"action_time": "2021-02-20T05:07:13.678Z", "user": 1, "content_type": 8, "object_id": "20", "object_repr": "1441 pizzeria", "action_flag": 1, "change_message": "[{\"added\": {}}]"}}, {"model": "admin.logentry", "pk": 54, "fields": {"action_time": "2021-02-20T05:08:32.653Z", "user": 1, "content_type": 8, "object_id": "21", "object_repr": "Transform studio", "action_flag": 1, "change_message": "[{\"added\": {}}]"}}, {"model": "admin.logentry", "pk": 55, "fields": {"action_time": "2021-02-20T05:09:49.879Z", "user": 1, "content_type": 8, "object_id": "22", "object_repr": "XFitt", "action_flag": 1, "change_message": "[{\"added\": {}}]"}}, {"model": "admin.logentry", "pk": 56, "fields": {"action_time": "2021-02-20T05:11:19.299Z", "user": 1, "content_type": 8, "object_id": "23", "object_repr": "United Strength", "action_flag": 1, "change_message": "[{\"added\": {}}]"}}, {"model": "admin.logentry", "pk": 57, "fields": {"action_time": "2021-02-20T05:12:50.049Z", "user": 1, "content_type": 8, "object_id": "24", "object_repr": "Tribal Combat Vile Parle", "action_flag": 1, "change_message": "[{\"added\": {}}]"}}, {"model": "admin.logentry", "pk": 58, "fields": {"action_time": "2021-02-20T05:13:18.456Z", "user": 1, "content_type": 9, "object_id": "6", "object_repr": "Khurshid Pav bhaaji", "action_flag": 1, "change_message": "[{\"added\": {}}]"}}, {"model": "admin.logentry", "pk": 59, "fields": {"action_time": "2021-02-20T05:13:45.962Z", "user": 1, "content_type": 8, "object_id": "16", "object_repr": "Vie Fit", "action_flag": 2, "change_message": "[{\"changed\": {\"fields\": [\"Image\"]}}]"}}, {"model": "admin.logentry", "pk": 60, "fields": {"action_time": "2021-02-20T05:13:53.329Z", "user": 1, "content_type": 9, "object_id": "7", "object_repr": "Khurshid Pav bhaaji", "action_flag": 1, "change_message": "[{\"added\": {}}]"}}, {"model": "admin.logentry", "pk": 61, "fields": {"action_time": "2021-02-20T05:14:10.546Z", "user": 1, "content_type": 9, "object_id": "8", "object_repr": "Sardaar Ji", "action_flag": 1, "change_message": "[{\"added\": {}}]"}}, {"model": "admin.logentry", "pk": 62, "fields": {"action_time": "2021-02-20T05:14:17.685Z", "user": 1, "content_type": 8, "object_id": "19", "object_repr": "Resculpt Fitness", "action_flag": 2, "change_message": "[{\"changed\": {\"fields\": [\"Image\"]}}]"}}, {"model": "admin.logentry", "pk": 63, "fields": {"action_time": "2021-02-20T05:14:22.860Z", "user": 1, "content_type": 9, "object_id": "9", "object_repr": "Sardaar Ji", "action_flag": 1, "change_message": "[{\"added\": {}}]"}}, {"model": "admin.logentry", "pk": 64, "fields": {"action_time": "2021-02-20T05:15:02.239Z", "user": 1, "content_type": 9, "object_id": "10", "object_repr": "Burgzooka", "action_flag": 1, "change_message": "[{\"added\": {}}]"}}, {"model": "admin.logentry", "pk": 65, "fields": {"action_time": "2021-02-20T05:15:14.231Z", "user": 1, "content_type": 9, "object_id": "11", "object_repr": "Anda Apna apna", "action_flag": 1, "change_message": "[{\"added\": {}}]"}}, {"model": "admin.logentry", "pk": 66, "fields": {"action_time": "2021-02-20T05:15:43.861Z", "user": 1, "content_type": 9, "object_id": "12", "object_repr": "The Roll Company", "action_flag": 1, "change_message": "[{\"added\": {}}]"}}, {"model": "admin.logentry", "pk": 67, "fields": {"action_time": "2021-02-20T05:16:13.218Z", "user": 1, "content_type": 9, "object_id": "13", "object_repr": "Joey's Pizza", "action_flag": 1, "change_message": "[{\"added\": {}}]"}}, {"model": "admin.logentry", "pk": 68, "fields": {"action_time": "2021-02-20T05:16:27.298Z", "user": 1, "content_type": 9, "object_id": "14", "object_repr": "KLS MEMORIAL HOSPITAL", "action_flag": 1, "change_message": "[{\"added\": {}}]"}}, {"model": "admin.logentry", "pk": 69, "fields": {"action_time": "2021-02-20T05:16:35.764Z", "user": 1, "content_type": 9, "object_id": "15", "object_repr": "Nanavati Super Speciality Hospital", "action_flag": 1, "change_message": "[{\"added\": {}}]"}}, {"model": "admin.logentry", "pk": 70, "fields": {"action_time": "2021-02-20T05:17:06.804Z", "user": 1, "content_type": 9, "object_id": "16", "object_repr": "The J", "action_flag": 1, "change_message": "[{\"added\": {}}]"}}, {"model": "admin.logentry", "pk": 71, "fields": {"action_time": "2021-02-20T05:17:23.454Z", "user": 1, "content_type": 9, "object_id": "17", "object_repr": "1441 pizzeria", "action_flag": 1, "change_message": "[{\"added\": {}}]"}}, {"model": "admin.logentry", "pk": 72, "fields": {"action_time": "2021-02-20T05:22:27.078Z", "user": 1, "content_type": 9, "object_id": "18", "object_repr": "Han Man", "action_flag": 1, "change_message": "[{\"added\": {}}]"}}, {"model": "admin.logentry", "pk": 73, "fields": {"action_time": "2021-02-20T05:22:34.760Z", "user": 1, "content_type": 9, "object_id": "19", "object_repr": "Han Man", "action_flag": 1, "change_message": "[{\"added\": {}}]"}}, {"model": "admin.logentry", "pk": 74, "fields": {"action_time": "2021-02-20T05:22:41.907Z", "user": 1, "content_type": 9, "object_id": "20", "object_repr": "Han Man", "action_flag": 1, "change_message": "[{\"added\": {}}]"}}, {"model": "admin.logentry", "pk": 75, "fields": {"action_time": "2021-02-20T05:22:48.919Z", "user": 1, "content_type": 9, "object_id": "21", "object_repr": "Han Man", "action_flag": 1, "change_message": "[{\"added\": {}}]"}}, {"model": "admin.logentry", "pk": 76, "fields": {"action_time": "2021-02-20T05:22:56.019Z", "user": 1, "content_type": 9, "object_id": "22", "object_repr": "Han Man", "action_flag": 1, "change_message": "[{\"added\": {}}]"}}, {"model": "admin.logentry", "pk": 77, "fields": {"action_time": "2021-02-20T05:23:58.687Z", "user": 1, "content_type": 9, "object_id": "23", "object_repr": "Befit", "action_flag": 1, "change_message": "[{\"added\": {}}]"}}, {"model": "admin.logentry", "pk": 78, "fields": {"action_time": "2021-02-20T05:24:09.109Z", "user": 1, "content_type": 9, "object_id": "24", "object_repr": "Befit", "action_flag": 1, "change_message": "[{\"added\": {}}]"}}, {"model": "admin.logentry", "pk": 79, "fields": {"action_time": "2021-02-20T05:24:17.059Z", "user": 1, "content_type": 9, "object_id": "25", "object_repr": "Befit", "action_flag": 1, "change_message": "[{\"added\": {}}]"}}, {"model": "admin.logentry", "pk": 80, "fields": {"action_time": "2021-02-20T05:24:34.969Z", "user": 1, "content_type": 9, "object_id": "26", "object_repr": "Befit", "action_flag": 1, "change_message": "[{\"added\": {}}]"}}, {"model": "admin.logentry", "pk": 81, "fields": {"action_time": "2021-02-20T05:24:46.470Z", "user": 1, "content_type": 9, "object_id": "27", "object_repr": "Befit", "action_flag": 1, "change_message": "[{\"added\": {}}]"}}, {"model": "admin.logentry", "pk": 82, "fields": {"action_time": "2021-02-20T05:25:37.759Z", "user": 1, "content_type": 9, "object_id": "25", "object_repr": "Befit", "action_flag": 2, "change_message": "[]"}}, {"model": "admin.logentry", "pk": 83, "fields": {"action_time": "2021-02-20T05:26:21.335Z", "user": 1, "content_type": 9, "object_id": "28", "object_repr": "Vie Fit", "action_flag": 1, "change_message": "[{\"added\": {}}]"}}, {"model": "admin.logentry", "pk": 84, "fields": {"action_time": "2021-02-20T05:26:28.091Z", "user": 1, "content_type": 9, "object_id": "29", "object_repr": "Vie Fit", "action_flag": 1, "change_message": "[{\"added\": {}}]"}}, {"model": "admin.logentry", "pk": 85, "fields": {"action_time": "2021-02-20T05:26:32.475Z", "user": 1, "content_type": 8, "object_id": "25", "object_repr": "SOI Chamber Orchestra", "action_flag": 1, "change_message": "[{\"added\": {}}]"}}, {"model": "admin.logentry", "pk": 86, "fields": {"action_time": "2021-02-20T05:26:37.257Z", "user": 1, "content_type": 9, "object_id": "30", "object_repr": "Vie Fit", "action_flag": 1, "change_message": "[{\"added\": {}}]"}}, {"model": "admin.logentry", "pk": 87, "fields": {"action_time": "2021-02-20T05:26:44.100Z", "user": 1, "content_type": 9, "object_id": "31", "object_repr": "Vie Fit", "action_flag": 1, "change_message": "[{\"added\": {}}]"}}, {"model": "admin.logentry", "pk": 88, "fields": {"action_time": "2021-02-20T05:26:52.496Z", "user": 1, "content_type": 9, "object_id": "32", "object_repr": "Vie Fit", "action_flag": 1, "change_message": "[{\"added\": {}}]"}}, {"model": "admin.logentry", "pk": 89, "fields": {"action_time": "2021-02-20T05:27:24.593Z", "user": 1, "content_type": 9, "object_id": "33", "object_repr": "Power point gym", "action_flag": 1, "change_message": "[{\"added\": {}}]"}}, {"model": "admin.logentry", "pk": 90, "fields": {"action_time": "2021-02-20T05:27:31.092Z", "user": 1, "content_type": 9, "object_id": "34", "object_repr": "Power point gym", "action_flag": 1, "change_message": "[{\"added\": {}}]"}}, {"model": "admin.logentry", "pk": 91, "fields": {"action_time": "2021-02-20T05:27:32.629Z", "user": 1, "content_type": 8, "object_id": "26", "object_repr": "The Golden Years", "action_flag": 1, "change_message": "[{\"added\": {}}]"}}, {"model": "admin.logentry", "pk": 92, "fields": {"action_time": "2021-02-20T05:27:38.000Z", "user": 1, "content_type": 9, "object_id": "35", "object_repr": "Power point gym", "action_flag": 1, "change_message": "[{\"added\": {}}]"}}, {"model": "admin.logentry", "pk": 93, "fields": {"action_time": "2021-02-20T05:27:46.896Z", "user": 1, "content_type": 9, "object_id": "36", "object_repr": "Power point gym", "action_flag": 1, "change_message": "[{\"added\": {}}]"}}, {"model": "admin.logentry", "pk": 94, "fields": {"action_time": "2021-02-20T05:27:55.853Z", "user": 1, "content_type": 9, "object_id": "37", "object_repr": "Power point gym", "action_flag": 1, "change_message": "[{\"added\": {}}]"}}, {"model": "admin.logentry", "pk": 95, "fields": {"action_time": "2021-02-20T05:28:33.296Z", "user": 1, "content_type": 9, "object_id": "38", "object_repr": "Resculpt Fitness", "action_flag": 1, "change_message": "[{\"added\": {}}]"}}, {"model": "admin.logentry", "pk": 96, "fields": {"action_time": "2021-02-20T05:28:45.476Z", "user": 1, "content_type": 8, "object_id": "27", "object_repr": "Live Stand up", "action_flag": 1, "change_message": "[{\"added\": {}}]"}}, {"model": "admin.logentry", "pk": 97, "fields": {"action_time": "2021-02-20T05:28:47.175Z", "user": 1, "content_type": 9, "object_id": "39", "object_repr": "Resculpt Fitness", "action_flag": 1, "change_message": "[{\"added\": {}}]"}}, {"model": "admin.logentry", "pk": 98, "fields": {"action_time": "2021-02-20T05:28:53.411Z", "user": 1, "content_type": 9, "object_id": "40", "object_repr": "Resculpt Fitness", "action_flag": 1, "change_message": "[{\"added\": {}}]"}}, {"model": "admin.logentry", "pk": 99, "fields": {"action_time": "2021-02-20T05:28:59.187Z", "user": 1, "content_type": 9, "object_id": "41", "object_repr": "Resculpt Fitness", "action_flag": 1, "change_message": "[{\"added\": {}}]"}}, {"model": "admin.logentry", "pk": 100, "fields": {"action_time": "2021-02-20T05:29:07.194Z", "user": 1, "content_type": 9, "object_id": "42", "object_repr": "Resculpt Fitness", "action_flag": 1, "change_message": "[{\"added\": {}}]"}}, {"model": "admin.logentry", "pk": 101, "fields": {"action_time": "2021-02-20T05:29:43.075Z", "user": 1, "content_type": 9, "object_id": "43", "object_repr": "Transform studio", "action_flag": 1, "change_message": "[{\"added\": {}}]"}}, {"model": "admin.logentry", "pk": 102, "fields": {"action_time": "2021-02-20T05:29:52.896Z", "user": 1, "content_type": 9, "object_id": "44", "object_repr": "Transform studio", "action_flag": 1, "change_message": "[{\"added\": {}}]"}}, {"model": "admin.logentry", "pk": 103, "fields": {"action_time": "2021-02-20T05:30:02.000Z", "user": 1, "content_type": 9, "object_id": "45", "object_repr": "Transform studio", "action_flag": 1, "change_message": "[{\"added\": {}}]"}}, {"model": "admin.logentry", "pk": 104, "fields": {"action_time": "2021-02-20T05:30:07.339Z", "user": 1, "content_type": 8, "object_id": "28", "object_repr": "TCC Bandra (Workshop): How to Stand Up?", "action_flag": 1, "change_message": "[{\"added\": {}}]"}}, {"model": "admin.logentry", "pk": 105, "fields": {"action_time": "2021-02-20T05:30:09.170Z", "user": 1, "content_type": 9, "object_id": "46", "object_repr": "Transform studio", "action_flag": 1, "change_message": "[{\"added\": {}}]"}}, {"model": "admin.logentry", "pk": 106, "fields": {"action_time": "2021-02-20T05:30:17.797Z", "user": 1, "content_type": 9, "object_id": "47", "object_repr": "Transform studio", "action_flag": 1, "change_message": "[{\"added\": {}}]"}}, {"model": "admin.logentry", "pk": 107, "fields": {"action_time": "2021-02-20T05:30:28.277Z", "user": 1, "content_type": 9, "object_id": "48", "object_repr": "SOI Chamber Orchestra", "action_flag": 1, "change_message": "[{\"added\": {}}]"}}, {"model": "admin.logentry", "pk": 108, "fields": {"action_time": "2021-02-20T05:30:37.791Z", "user": 1, "content_type": 9, "object_id": "49", "object_repr": "XFitt", "action_flag": 1, "change_message": "[{\"added\": {}}]"}}, {"model": "admin.logentry", "pk": 109, "fields": {"action_time": "2021-02-20T05:30:39.308Z", "user": 1, "content_type": 9, "object_id": "50", "object_repr": "The Golden Years", "action_flag": 1, "change_message": "[{\"added\": {}}]"}}, {"model": "admin.logentry", "pk": 110, "fields": {"action_time": "2021-02-20T05:30:45.933Z", "user": 1, "content_type": 9, "object_id": "51", "object_repr": "XFitt", "action_flag": 1, "change_message": "[{\"added\": {}}]"}}, {"model": "admin.logentry", "pk": 111, "fields": {"action_time": "2021-02-20T05:30:47.546Z", "user": 1, "content_type": 9, "object_id": "52", "object_repr": "Live Stand up", "action_flag": 1, "change_message": "[{\"added\": {}}]"}}, {"model": "admin.logentry", "pk": 112, "fields": {"action_time": "2021-02-20T05:30:53.117Z", "user": 1, "content_type": 9, "object_id": "53", "object_repr": "XFitt", "action_flag": 1, "change_message": "[{\"added\": {}}]"}}, {"model": "admin.logentry", "pk": 113, "fields": {"action_time": "2021-02-20T05:30:55.611Z", "user": 1, "content_type": 9, "object_id": "54", "object_repr": "TCC Bandra (Workshop): How to Stand Up?", "action_flag": 1, "change_message": "[{\"added\": {}}]"}}, {"model": "admin.logentry", "pk": 114, "fields": {"action_time": "2021-02-20T05:30:59.886Z", "user": 1, "content_type": 9, "object_id": "55", "object_repr": "XFitt", "action_flag": 1, "change_message": "[{\"added\": {}}]"}}, {"model": "admin.logentry", "pk": 115, "fields": {"action_time": "2021-02-20T05:31:06.912Z", "user": 1, "content_type": 9, "object_id": "56", "object_repr": "XFitt", "action_flag": 1, "change_message": "[{\"added\": {}}]"}}, {"model": "admin.logentry", "pk": 116, "fields": {"action_time": "2021-02-20T05:31:23.132Z", "user": 1, "content_type": 9, "object_id": "57", "object_repr": "United Strength", "action_flag": 1, "change_message": "[{\"added\": {}}]"}}, {"model": "admin.logentry", "pk": 117, "fields": {"action_time": "2021-02-20T05:31:31.048Z", "user": 1, "content_type": 9, "object_id": "58", "object_repr": "United Strength", "action_flag": 1, "change_message": "[{\"added\": {}}]"}}, {"model": "admin.logentry", "pk": 118, "fields": {"action_time": "2021-02-20T05:31:37.974Z", "user": 1, "content_type": 9, "object_id": "59", "object_repr": "United Strength", "action_flag": 1, "change_message": "[{\"added\": {}}]"}}, {"model": "admin.logentry", "pk": 119, "fields": {"action_time": "2021-02-20T05:31:45.327Z", "user": 1, "content_type": 9, "object_id": "60", "object_repr": "United Strength", "action_flag": 1, "change_message": "[{\"added\": {}}]"}}, {"model": "admin.logentry", "pk": 120, "fields": {"action_time": "2021-02-20T05:31:55.720Z", "user": 1, "content_type": 9, "object_id": "61", "object_repr": "United Strength", "action_flag": 1, "change_message": "[{\"added\": {}}]"}}, {"model": "admin.logentry", "pk": 121, "fields": {"action_time": "2021-02-20T05:32:25.571Z", "user": 1, "content_type": 9, "object_id": "62", "object_repr": "Tribal Combat Vile Parle", "action_flag": 1, "change_message": "[{\"added\": {}}]"}}, {"model": "admin.logentry", "pk": 122, "fields": {"action_time": "2021-02-20T05:32:32.885Z", "user": 1, "content_type": 9, "object_id": "63", "object_repr": "Tribal Combat Vile Parle", "action_flag": 1, "change_message": "[{\"added\": {}}]"}}, {"model": "admin.logentry", "pk": 123, "fields": {"action_time": "2021-02-20T05:32:40.652Z", "user": 1, "content_type": 9, "object_id": "64", "object_repr": "Tribal Combat Vile Parle", "action_flag": 1, "change_message": "[{\"added\": {}}]"}}, {"model": "admin.logentry", "pk": 124, "fields": {"action_time": "2021-02-20T05:32:48.612Z", "user": 1, "content_type": 9, "object_id": "65", "object_repr": "Tribal Combat Vile Parle", "action_flag": 1, "change_message": "[{\"added\": {}}]"}}, {"model": "admin.logentry", "pk": 125, "fields": {"action_time": "2021-02-20T05:32:57.992Z", "user": 1, "content_type": 9, "object_id": "66", "object_repr": "Tribal Combat Vile Parle", "action_flag": 1, "change_message": "[{\"added\": {}}]"}}, {"model": "auth.permission", "pk": 1, "fields": {"name": "Can add log entry", "content_type": 1, "codename": "add_logentry"}}, {"model": "auth.permission", "pk": 2, "fields": {"name": "Can change log entry", "content_type": 1, "codename": "change_logentry"}}, {"model": "auth.permission", "pk": 3, "fields": {"name": "Can delete log entry", "content_type": 1, "codename": "delete_logentry"}}, {"model": "auth.permission", "pk": 4, "fields": {"name": "Can view log entry", "content_type": 1, "codename": "view_logentry"}}, {"model": "auth.permission", "pk": 5, "fields": {"name": "Can add permission", "content_type": 2, "codename": "add_permission"}}, {"model": "auth.permission", "pk": 6, "fields": {"name": "Can change permission", "content_type": 2, "codename": "change_permission"}}, {"model": "auth.permission", "pk": 7, "fields": {"name": "Can delete permission", "content_type": 2, "codename": "delete_permission"}}, {"model": "auth.permission", "pk": 8, "fields": {"name": "Can view permission", "content_type": 2, "codename": "view_permission"}}, {"model": "auth.permission", "pk": 9, "fields": {"name": "Can add group", "content_type": 3, "codename": "add_group"}}, {"model": "auth.permission", "pk": 10, "fields": {"name": "Can change group", "content_type": 3, "codename": "change_group"}}, {"model": "auth.permission", "pk": 11, "fields": {"name": "Can delete group", "content_type": 3, "codename": "delete_group"}}, {"model": "auth.permission", "pk": 12, "fields": {"name": "Can view group", "content_type": 3, "codename": "view_group"}}, {"model": "auth.permission", "pk": 13, "fields": {"name": "Can add user", "content_type": 4, "codename": "add_user"}}, {"model": "auth.permission", "pk": 14, "fields": {"name": "Can change user", "content_type": 4, "codename": "change_user"}}, {"model": "auth.permission", "pk": 15, "fields": {"name": "Can delete user", "content_type": 4, "codename": "delete_user"}}, {"model": "auth.permission", "pk": 16, "fields": {"name": "Can view user", "content_type": 4, "codename": "view_user"}}, {"model": "auth.permission", "pk": 17, "fields": {"name": "Can add content type", "content_type": 5, "codename": "add_contenttype"}}, {"model": "auth.permission", "pk": 18, "fields": {"name": "Can change content type", "content_type": 5, "codename": "change_contenttype"}}, {"model": "auth.permission", "pk": 19, "fields": {"name": "Can delete content type", "content_type": 5, "codename": "delete_contenttype"}}, {"model": "auth.permission", "pk": 20, "fields": {"name": "Can view content type", "content_type": 5, "codename": "view_contenttype"}}, {"model": "auth.permission", "pk": 21, "fields": {"name": "Can add session", "content_type": 6, "codename": "add_session"}}, {"model": "auth.permission", "pk": 22, "fields": {"name": "Can change session", "content_type": 6, "codename": "change_session"}}, {"model": "auth.permission", "pk": 23, "fields": {"name": "Can delete session", "content_type": 6, "codename": "delete_session"}}, {"model": "auth.permission", "pk": 24, "fields": {"name": "Can view session", "content_type": 6, "codename": "view_session"}}, {"model": "auth.permission", "pk": 25, "fields": {"name": "Can add college", "content_type": 7, "codename": "add_college"}}, {"model": "auth.permission", "pk": 26, "fields": {"name": "Can change college", "content_type": 7, "codename": "change_college"}}, {"model": "auth.permission", "pk": 27, "fields": {"name": "Can delete college", "content_type": 7, "codename": "delete_college"}}, {"model": "auth.permission", "pk": 28, "fields": {"name": "Can view college", "content_type": 7, "codename": "view_college"}}, {"model": "auth.permission", "pk": 29, "fields": {"name": "Can add shop", "content_type": 8, "codename": "add_shop"}}, {"model": "auth.permission", "pk": 30, "fields": {"name": "Can change shop", "content_type": 8, "codename": "change_shop"}}, {"model": "auth.permission", "pk": 31, "fields": {"name": "Can delete shop", "content_type": 8, "codename": "delete_shop"}}, {"model": "auth.permission", "pk": 32, "fields": {"name": "Can view shop", "content_type": 8, "codename": "view_shop"}}, {"model": "auth.permission", "pk": 33, "fields": {"name": "Can add post image", "content_type": 9, "codename": "add_postimage"}}, {"model": "auth.permission", "pk": 34, "fields": {"name": "Can change post image", "content_type": 9, "codename": "change_postimage"}}, {"model": "auth.permission", "pk": 35, "fields": {"name": "Can delete post image", "content_type": 9, "codename": "delete_postimage"}}, {"model": "auth.permission", "pk": 36, "fields": {"name": "Can view post image", "content_type": 9, "codename": "view_postimage"}}, {"model": "auth.permission", "pk": 37, "fields": {"name": "Can add suggestions", "content_type": 10, "codename": "add_suggestions"}}, {"model": "auth.permission", "pk": 38, "fields": {"name": "Can change suggestions", "content_type": 10, "codename": "change_suggestions"}}, {"model": "auth.permission", "pk": 39, "fields": {"name": "Can delete suggestions", "content_type": 10, "codename": "delete_suggestions"}}, {"model": "auth.permission", "pk": 40, "fields": {"name": "Can view suggestions", "content_type": 10, "codename": "view_suggestions"}}, {"model": "auth.permission", "pk": 41, "fields": {"name": "Can add faqs", "content_type": 11, "codename": "add_faqs"}}, {"model": "auth.permission", "pk": 42, "fields": {"name": "Can change faqs", "content_type": 11, "codename": "change_faqs"}}, {"model": "auth.permission", "pk": 43, "fields": {"name": "Can delete faqs", "content_type": 11, "codename": "delete_faqs"}}, {"model": "auth.permission", "pk": 44, "fields": {"name": "Can view faqs", "content_type": 11, "codename": "view_faqs"}}, {"model": "auth.user", "pk": 1, "fields": {"password": "pbkdf2_sha256$180000$6VoT63DOnfig$FE/jHLuV/cIaQm8yLQfYuhWHsyCzlT48UHVwFLoheUY=", "last_login": "2021-02-20T04:46:42.712Z", "is_superuser": true, "username": "sagarg", "first_name": "", "last_name": "", "email": "sagarg@gmail.com", "is_staff": true, "is_active": true, "date_joined": "2021-02-12T04:55:24.558Z", "groups": [], "user_permissions": []}}, {"model": "contenttypes.contenttype", "pk": 1, "fields": {"app_label": "admin", "model": "logentry"}}, {"model": "contenttypes.contenttype", "pk": 2, "fields": {"app_label": "auth", "model": "permission"}}, {"model": "contenttypes.contenttype", "pk": 3, "fields": {"app_label": "auth", "model": "group"}}, {"model": "contenttypes.contenttype", "pk": 4, "fields": {"app_label": "auth", "model": "user"}}, {"model": "contenttypes.contenttype", "pk": 5, "fields": {"app_label": "contenttypes", "model": "contenttype"}}, {"model": "contenttypes.contenttype", "pk": 6, "fields": {"app_label": "sessions", "model": "session"}}, {"model": "contenttypes.contenttype", "pk": 7, "fields": {"app_label": "nearapp", "model": "college"}}, {"model": "contenttypes.contenttype", "pk": 8, "fields": {"app_label": "nearapp", "model": "shop"}}, {"model": "contenttypes.contenttype", "pk": 9, "fields": {"app_label": "nearapp", "model": "postimage"}}, {"model": "contenttypes.contenttype", "pk": 10, "fields": {"app_label": "nearapp", "model": "suggestions"}}, {"model": "contenttypes.contenttype", "pk": 11, "fields": {"app_label": "nearapp", "model": "faqs"}}, {"model": "sessions.session", "pk": "27rumlyrw0ouqglaceewgjj29it7zkqo", "fields": {"session_data": "MWIwOGJjNmU5OGRiNDQ3NjI1M2RhZjk1YzM5ZDYwMTMxM2M5YWJlYTp7Il9hdXRoX3VzZXJfaWQiOiIxIiwiX2F1dGhfdXNlcl9iYWNrZW5kIjoiZGphbmdvLmNvbnRyaWIuYXV0aC5iYWNrZW5kcy5Nb2RlbEJhY2tlbmQiLCJfYXV0aF91c2VyX2hhc2giOiJlNGZmMzdiZWRkODE3MzlkMzhmYmY1NDk1NWNmNmEzNWViYTZjMDJlIn0=", "expire_date": "2021-03-02T14:44:19.691Z"}}, {"model": "sessions.session", "pk": "2vebj5mzw2jq9hdujgwhumpfyt8v0v7z", "fields": {"session_data": "MWIwOGJjNmU5OGRiNDQ3NjI1M2RhZjk1YzM5ZDYwMTMxM2M5YWJlYTp7Il9hdXRoX3VzZXJfaWQiOiIxIiwiX2F1dGhfdXNlcl9iYWNrZW5kIjoiZGphbmdvLmNvbnRyaWIuYXV0aC5iYWNrZW5kcy5Nb2RlbEJhY2tlbmQiLCJfYXV0aF91c2VyX2hhc2giOiJlNGZmMzdiZWRkODE3MzlkMzhmYmY1NDk1NWNmNmEzNWViYTZjMDJlIn0=", "expire_date": "2021-03-04T08:24:50.674Z"}}, {"model": "sessions.session", "pk": "83ulhl8rtopxg76ivnbpj39gzk4n2lq4", "fields": {"session_data": "MWIwOGJjNmU5OGRiNDQ3NjI1M2RhZjk1YzM5ZDYwMTMxM2M5YWJlYTp7Il9hdXRoX3VzZXJfaWQiOiIxIiwiX2F1dGhfdXNlcl9iYWNrZW5kIjoiZGphbmdvLmNvbnRyaWIuYXV0aC5iYWNrZW5kcy5Nb2RlbEJhY2tlbmQiLCJfYXV0aF91c2VyX2hhc2giOiJlNGZmMzdiZWRkODE3MzlkMzhmYmY1NDk1NWNmNmEzNWViYTZjMDJlIn0=", "expire_date": "2021-02-26T04:55:44.901Z"}}, {"model": "sessions.session", "pk": "epcoyh88dc4xcd9zt75tfj7lrrhsqjol", "fields": {"session_data": "MWIwOGJjNmU5OGRiNDQ3NjI1M2RhZjk1YzM5ZDYwMTMxM2M5YWJlYTp7Il9hdXRoX3VzZXJfaWQiOiIxIiwiX2F1dGhfdXNlcl9iYWNrZW5kIjoiZGphbmdvLmNvbnRyaWIuYXV0aC5iYWNrZW5kcy5Nb2RlbEJhY2tlbmQiLCJfYXV0aF91c2VyX2hhc2giOiJlNGZmMzdiZWRkODE3MzlkMzhmYmY1NDk1NWNmNmEzNWViYTZjMDJlIn0=", "expire_date": "2021-03-06T04:46:42.719Z"}}, {"model": "sessions.session", "pk": "ewj1udcaqhnzorm9hyc053apf0jf4c6j", "fields": {"session_data": "MWIwOGJjNmU5OGRiNDQ3NjI1M2RhZjk1YzM5ZDYwMTMxM2M5YWJlYTp7Il9hdXRoX3VzZXJfaWQiOiIxIiwiX2F1dGhfdXNlcl9iYWNrZW5kIjoiZGphbmdvLmNvbnRyaWIuYXV0aC5iYWNrZW5kcy5Nb2RlbEJhY2tlbmQiLCJfYXV0aF91c2VyX2hhc2giOiJlNGZmMzdiZWRkODE3MzlkMzhmYmY1NDk1NWNmNmEzNWViYTZjMDJlIn0=", "expire_date": "2021-03-05T12:46:40.196Z"}}, {"model": "sessions.session", "pk": "qf27poz59vjfqzphl4bm5ggqhauq88da", "fields": {"session_data": "MWIwOGJjNmU5OGRiNDQ3NjI1M2RhZjk1YzM5ZDYwMTMxM2M5YWJlYTp7Il9hdXRoX3VzZXJfaWQiOiIxIiwiX2F1dGhfdXNlcl9iYWNrZW5kIjoiZGphbmdvLmNvbnRyaWIuYXV0aC5iYWNrZW5kcy5Nb2RlbEJhY2tlbmQiLCJfYXV0aF91c2VyX2hhc2giOiJlNGZmMzdiZWRkODE3MzlkMzhmYmY1NDk1NWNmNmEzNWViYTZjMDJlIn0=", "expire_date": "2021-03-04T13:53:34.138Z"}}, {"model": "nearapp.college", "pk": 1, "fields": {"name": "Mukesh Patel School of Technology Management & Engineering", "location": "Mumbai"}}, {"model": "nearapp.college", "pk": 2, "fields": {"name": "Mithibai College", "location": "Pune"}}, {"model": "nearapp.college", "pk": 3, "fields": {"name": "School of Business Management", "location": "Vile Parle"}}, {"model": "nearapp.college", "pk": 4, "fields": {"name": "MMK Bandra", "location": "Bandra"}}, {"model": "nearapp.shop", "pk": 1, "fields": {"ShopName": "Han Man", "image": "uploads/1604_1450783475.jpg", "college": 1, "Type": "gym", "description": "HanMan Fitness is distinguished by their unsurpassed motivating atmosphere, knowledgeable staff and premier exercise equipment, which supports the members in meeting their individual fitness goals. They provide workout environment with dedication to the highest quality of customer satisfaction deliv", "distance": 1.5, "phoneNumber": 9136863089, "rating": 4.1, "AveragePrice": 5, "Direction": "https://www.google.com/maps/place/VieFit+Vile+Parle+West/@19.108719,72.8419913,17z/data=!3m1!4b1!4m5!3m4!1s0x3be7c9c96ce3d707:0xfe09ae764b8a7c09!8m2!3d19.108719!4d72.84418", "Amenities": "Locker & Shower Facility, Personal Training", "address": "5, Plot no. A, Anugraha, CTS no, 1, Gulmohar Rd, JVPD Scheme, Vile Parle West, Mumbai, Maharashtra 400056", "time": "20-45"}}, {"model": "nearapp.shop", "pk": 2, "fields": {"ShopName": "Anytime Fitness Vile Parle West", "image": "uploads/9111_1473831485733.jpg", "college": 1, "Type": "gym", "description": "Anytime fitness gym in Vile Parle West, Mumbai is 3500 square feet using Life Fitness equipment; they fit your busy schedule and on-the-go lifestyle. Their clubs are open 24 hours a day, 7 days a week, and 365 days a year, so you can work out when it is best for you. At Anytime Fitness, you hold the", "distance": 1.2, "phoneNumber": 9867555235, "rating": 4.1, "AveragePrice": 1788, "Direction": "https://www.google.com/maps/place/Han-Man+Fitness/@19.115724,72.8280813,17z/data=!3m1!4b1!4m5!3m4!1s0x3be7c9e6efffffff:0x48d8eabaa6303af1!8m2!3d19.115724!4d72.83027", "Amenities": "Locker & Shower Facility,, Personal Training, Sunday Open", "address": "5, Plot no. A, Anugraha, CTS no, 1, Gulmohar Rd, JVPD Scheme, Vile Parle West, Mumbai, Maharashtra 400056", "time": "7:00AM to 5:00PM"}}, {"model": "nearapp.shop", "pk": 3, "fields": {"ShopName": "Befit", "image": "uploads/1750_1475818114281.jpg", "college": 1, "Type": "gym", "description": "Be Fit was established on 14th September 2001 with a view to usher in a new era in Marathon training and general physical fitness. They are proud to have trained more than 5000 people across all age groups ranging from kids, professional athletes and sportsmen as well as amateurs and senior citizen", "distance": 3.8, "phoneNumber": 912249415673, "rating": 5.0, "AveragePrice": 25000, "Direction": "https://goo.gl/maps/2eMUtb7QhaVyk36d9", "Amenities": "Personal Training, Group Classes", "address": "5, Plot no. A, Anugraha, CTS no, 1, Gulmohar Rd, JVPD Scheme, Vile Parle West, Mumbai, Maharashtra 400056", "time": "6 am to 11 am"}}, {"model": "nearapp.shop", "pk": 4, "fields": {"ShopName": "The Osho Book Shop", "image": "uploads/Andheri.jpg", "college": 4, "Type": "bookStore", "description": "This store is located near your college and provides you books of various colleges and various courses. You can get both new as well as second hand books here. You can also rent book for your semester.", "distance": 0.3, "phoneNumber": 9320671320, "rating": 3.0, "AveragePrice": 1000, "Direction": "https://www.google.com/maps/place/Namaste+-+The+Osho+Book+Shop/@19.1121184,72.8374688,14.22z/data=!4m8!1m2!2m1!1sThe+Osho+Book+Shop!3m4!1s0x3be7c9c88372d4dd:0x540b8c457e4c395!8m2!3d19.1080519!4d72.8395053", "Amenities": "Printing, Photocopying, College Books", "address": "5, Plot no. A, Anugraha, CTS no, 1, Gulmohar Rd, JVPD Scheme, Vile Parle West, Mumbai, Maharashtra 400056", "time": "1:00 PM to 8:00 PM"}}, {"model": "nearapp.shop", "pk": 5, "fields": {"ShopName": "Vijay Book Centre", "image": "uploads/Osho.jpg", "college": 2, "Type": "bookStore", "description": "This store is located near your college and provides you books of various colleges and various courses. You can get both new as well as second hand books here. You can also rent book for your semester.", "distance": 0.3, "phoneNumber": 9320671320, "rating": 3.0, "AveragePrice": 1000, "Direction": "https://www.google.com/maps/place/Namaste+-+The+Osho+Book+Shop/@19.1121184,72.8374688,14.22z/data=!4m8!1m2!2m1!1sThe+Osho+Book+Shop!3m4!1s0x3be7c9c88372d4dd:0x540b8c457e4c395!8m2!3d19.1080519!4d72.8395053", "Amenities": "Printing, Photocopying, College Books", "address": "5, Plot no. A, Anugraha, CTS no, 1, Gulmohar Rd, JVPD Scheme, Vile Parle West, Mumbai, Maharashtra 400056", "time": "6 am to 11 PM"}}, {"model": "nearapp.shop", "pk": 6, "fields": {"ShopName": "SVKM'S Shri G.R. Jani Hostel", "image": "uploads/GR2-89245-370371_400_540.jpg", "college": 2, "Type": "hostel", "description": "Established in the year 2014, Wish in Vile Parle West, Mumbai is a top player in the category Paying Guest Accommodation For Women in the Mumbai. This well-known establishment acts as a one-stop destination servicing customers both local and from other parts of Mumbai. Over the course of its journey", "distance": 0.0, "phoneNumber": 8801193904, "rating": 2.0, "AveragePrice": 230000, "Direction": "https://www.google.com/maps/place/SVKM'S+Shri+G.R.+Jani+Hostel/@19.110039,72.8354399,16.75z/data=!4m8!1m2!2m1!1shostel+pg!3m4!1s0x0:0x2baebb62e30e307d!8m2!3d19.1100291!4d72.8377524", "Amenities": "AC, Wifi,", "address": "5, Plot no. A, Anugraha, CTS no, 1, Gulmohar Rd, JVPD Scheme, Vile Parle West, Mumbai, Maharashtra 400056", "time": "24/7"}}, {"model": "nearapp.shop", "pk": 7, "fields": {"ShopName": "Wish Safe Student Housing", "image": "uploads/wish-student-accommodation-vile-parle-west-mumbai-hostel-for-students-ep57jszcla.jpg", "college": 1, "Type": "hostel", "description": "Established in the year 2014, Wish in Vile Parle West, Mumbai is a top player in the category Paying Guest Accommodation For Women in the Mumbai. This well-known establishment acts as a one-stop destination servicing customers both local and from other parts of Mumbai. Over the course of its journey", "distance": 0.7, "phoneNumber": 8801193904, "rating": 4.0, "AveragePrice": 2000, "Direction": "https://www.google.com/maps/place/SVKM'S+Shri+G.R.+Jani+Hostel/@19.110039,72.8354399,16.75z/data=!4m8!1m2!2m1!1shostel+pg!3m4!1s0x0:0x2baebb62e30e307d!8m2!3d19.1100291!4d72.8377524", "Amenities": "AC, Wifi,", "address": "Bhakti Vedant Swamy Marg, ONGC Colony, Vile Parle East, Vile Parle West, Mumbai, Maharashtra 400056", "time": "1:00 PM to 8:00 PM"}}, {"model": "nearapp.shop", "pk": 8, "fields": {"ShopName": "Khurshid Pav bhaaji", "image": "uploads/Khurshid.jpg", "college": 1, "Type": "Restaurant", "description": "The Joey's pizza is amazing and too cheesy and heavy then other pizzas we had ordered in veg Paneer Makani and Paneer veg mix it was loaded with paneer and cheese and the Veg loaded pizza Which was full of veggies, and In Chicken Pizza we had ordered Butter Chicken and Chicken Makani and the BBQ Chi", "distance": 0.45, "phoneNumber": 8689818324, "rating": 3.8, "AveragePrice": 150, "Direction": "https://www.google.com/maps/dir/21.1612892,72.792461/khurshid+pav+bhaji/@20.1488409,71.7777642,8z/data=!3m1!4b1!4m9!4m8!1m1!4e1!1m5!1m1!1s0x3be7c9c657f6e211:0xe2b0695b1b274068!2m2!1d72.8366232!2d19.1078888", "Amenities": "Street food", "address": "Near Cooper Hospital, JVPD, Vile Parle West, Mumbai", "time": "8pm-5am"}}, {"model": "nearapp.shop", "pk": 9, "fields": {"ShopName": "Sardaar Ji", "image": "uploads/Sardarji.jpg", "college": 1, "Type": "Restaurant", "description": "The Joey's pizza is amazing and too cheesy and heavy then other pizzas we had ordered in veg Paneer Makani and Paneer veg mix it was loaded with paneer and cheese and the Veg loaded pizza Which was full of veggies, and In Chicken Pizza we had ordered Butter Chicken and Chicken Makani and the BBQ Chi", "distance": 1.8, "phoneNumber": 8655532999, "rating": 4.3, "AveragePrice": 200, "Direction": "https://www.google.com/maps/dir//sardaarji+andheri/data=!4m6!4m5!1m1!4e2!1m2!1m1!1s0x3be7b61874db043d:0x84b8add59039f471?sa=X&ved=2ahUKEwiszOGfvtfuAhWOILcAHbYFCTUQ9RcwDHoECCkQBQ", "Amenities": "Safe & Hygenic, Home Delivery, inexpensive,quick service", "address": "Shop 6, New Shantivan Building, Oberoi Ravi Raj Complex, Opposite Laxmi Plaza, Andheri Lokhandwala, Andheri West, Mumbai", "time": "7pm-4am"}}, {"model": "nearapp.shop", "pk": 10, "fields": {"ShopName": "Burgzooka", "image": "uploads/Burgzooka.jpg", "college": 1, "Type": "Restaurant", "description": "The Joey's pizza is amazing and too cheesy and heavy then other pizzas we had ordered in veg Paneer Makani and Paneer veg mix it was loaded with paneer and cheese and the Veg loaded pizza Which was full of veggies, and In Chicken Pizza we had ordered Butter Chicken and Chicken Makani and the BBQ Chi", "distance": 4.8, "phoneNumber": 7506480633, "rating": 4.3, "AveragePrice": 300, "Direction": "https://www.google.com/maps/dir/21.1612892,72.792461/19.0776572,72.8288667/@20.1365903,71.7777642,8z/data=!3m1!4b1!4m4!4m3!1m1!4e1!1m0", "Amenities": "Safe & Hygenic, Home Delivery, inexpensive,quick service", "address": "Narendra Apartment, Indrajit Society, Vithaldas Nagar, Santacruz West, Mumbai, Maharashtra 400054", "time": "8am-6am"}}, {"model": "nearapp.shop", "pk": 11, "fields": {"ShopName": "Anda Apna apna", "image": "uploads/Anda_Apna_Apna.jpg", "college": 1, "Type": "Restaurant", "description": "The Joey's pizza is amazing and too cheesy and heavy then other pizzas we had ordered in veg Paneer Makani and Paneer veg mix it was loaded with paneer and cheese and the Veg loaded pizza Which was full of veggies, and In Chicken Pizza we had ordered Butter Chicken and Chicken Makani and the BBQ Chi", "distance": 4.0, "phoneNumber": 9920437197, "rating": 3.9, "AveragePrice": 150, "Direction": "https://www.google.com/maps/dir/21.1612892,72.792461/19.1258315,72.841169/@20.1589226,71.7777643,8z/data=!3m1!4b1!4m4!4m3!1m1!4e1!1m0", "Amenities": "Home Delivery, Bang for buck,inexpensive,best service", "address": "Shop 1, Ground Floor, J.P Road, Opposite Pathare Prabhu Hall, Azad Nagar, Mumbai", "time": "24x7"}}, {"model": "nearapp.shop", "pk": 12, "fields": {"ShopName": "The Roll Company", "image": "uploads/TherollCo.jpg", "college": 1, "Type": "Restaurant", "description": "The Joey's pizza is amazing and too cheesy and heavy then other pizzas we had ordered in veg Paneer Makani and Paneer veg mix it was loaded with paneer and cheese and the Veg loaded pizza Which was full of veggies, and In Chicken Pizza we had ordered Butter Chicken and Chicken Makani and the BBQ Chi", "distance": 3.4, "phoneNumber": 8433747655, "rating": 4.4, "AveragePrice": 225, "Direction": "https://www.google.com/maps/dir/21.1612892,72.792461/19.065588,72.830893/@20.130375,71.7777641,8z/data=!3m1!4b1!4m4!4m3!1m1!4e1!1m0", "Amenities": "Safe & Hygenic, Home Delivery, inexpensive,quick service", "address": "Juhu, Hotel Royal Garden, Grandmama's Cafe, Juhu Tara Road, Juhu, Mumbai, Maharashtra", "time": "7pm-5am"}}, {"model": "nearapp.shop", "pk": 13, "fields": {"ShopName": "Joey's Pizza", "image": "uploads/Joeys.jpg", "college": 1, "Type": "Restaurant", "description": "The Joey's pizza is amazing and too cheesy and heavy then other pizzas we had ordered in veg Paneer Makani and Paneer veg mix it was loaded with paneer and cheese and the Veg loaded pizza Which was full of veggies, and In Chicken Pizza we had ordered Butter Chicken and Chicken Makani and the BBQ Chi", "distance": 2.6, "phoneNumber": 8451856660, "rating": 4.6, "AveragePrice": 350, "Direction": "https://www.google.com/maps/dir/?api=1&destination=19.1265825700,72.8300277516", "Amenities": "Safe & Hygenic, Home Delivery, inexpensive,best service", "address": "Shop 6-9, Upvan Building, Near Indian Oil Colony, Azad Nagar, Mumbai", "time": "11pm-11am"}}, {"model": "nearapp.shop", "pk": 14, "fields": {"ShopName": "KLS MEMORIAL HOSPITAL", "image": "uploads/kls.jpg", "college": 1, "Type": "medicalFacility", "description": "KLS Memorial Hospital in Vile Parle West has a wide range of products and services to cater to the varied requirements of their customers. The staff at this establishment are courteous and prompt at providing any assistance. They readily answer any queries or questions that you may have. Pay for the", "distance": 0.6, "phoneNumber": 2261713939, "rating": 0.0, "AveragePrice": 0, "Direction": "https://www.google.co.in/maps/place/KLS+Memorial+Hospital/@19.1080185,72.837579,16.94z/data=!4m12!1m6!3m5!1s0x3be7c9ba833158b9:0x743d536b4908e189!2sNanavati+Hospital!8m2!3d19.0951117!4d72.8394316!3m4!1s0x3be7c9c88ead0edb:0xccbfe9c17b703357!8m2!3d19.1077972!4d72.8408012", "Amenities": "Retrieving data. Wait a few seconds and try to cut or copy again.", "address": "Retrieving data. Wait a few seconds and try to cut or copy again.", "time": "24x7"}}, {"model": "nearapp.shop", "pk": 15, "fields": {"ShopName": "Nanavati Super Speciality Hospital", "image": "uploads/Nanavati.jpg", "college": 1, "Type": "medicalFacility", "description": "Regarded as one of the best healthcare providers, Nanavati Super Speciality Hospital, Vile Parle West has been providing a remarkable service ever since its inception. Equipped with advanced medical equipment and technologies, it has been constantly achieving milestones in the medical field. It is b", "distance": 1.9, "phoneNumber": 2226267500, "rating": 0.0, "AveragePrice": 0, "Direction": "https://www.google.co.in/maps/place/Nanavati+Hospital/@19.095357,72.8395384,16.94z/data=!4m5!3m4!1s0x3be7c9ba833158b9:0x743d536b4908e189!8m2!3d19.0951117!4d72.8394316", "Amenities": "Retrieving data. Wait a few seconds and try to cut or copy again.", "address": "Retrieving data. Wait a few seconds and try to cut or copy again.", "time": "24x7"}}, {"model": "nearapp.shop", "pk": 16, "fields": {"ShopName": "Vie Fit", "image": "uploads/7341_1580755560915.jpg", "college": 1, "Type": "gym", "description": "Vie Fit is distinguished by their unsurpassed motivating atmosphere, knowledgeable staff and premier exercise equipment, which supports the members in meeting their individual fitness goals. They provide workout environment with dedication to the highest quality of customer satisfaction delivered wi", "distance": 1.5, "phoneNumber": 7506616611, "rating": 0.0, "AveragePrice": 7500, "Direction": "https://www.google.com/maps/place/VieFit+Vile+Parle+West/@19.108719,72.8419913,17z/data=!3m1!4b1!4m5!3m4!1s0x3be7c9c96ce3d707:0xfe09ae764b8a7c09!8m2!3d19.108719!4d72.84418", "Amenities": "Locker & Shower Facility", "address": "A6--171, Dadabhai Cross Rd Number 3, opp. Hanuman Temple, Snehadhara Society, Navpada, Irla, Vile Parle West, Mumbai, Maharashtra 400056", "time": "6 to 22"}}, {"model": "nearapp.shop", "pk": 17, "fields": {"ShopName": "The J", "image": "uploads/The_J.jpg", "college": 1, "Type": "Restaurant", "description": "The Joey's pizza is amazing and too cheesy and heavy then other pizzas we had ordered in veg Paneer Makani and Paneer veg mix it was loaded with paneer and cheese and the Veg loaded pizza Which was full of veggies, and In Chicken Pizza we had ordered Butter Chicken and Chicken Makani and the BBQ Chi", "distance": 2.3, "phoneNumber": 9653484018, "rating": 4.1, "AveragePrice": 250, "Direction": "https://www.google.com/maps/dir/21.1612892,72.792461/19.1064568,72.8398684/@20.1488409,71.7777642,8z/data=!3m1!4b1!4m4!4m3!1m1!4e1!1m0", "Amenities": "Safe & Hygenic, Home Delivery, inexpensive,best service", "address": "Shop 7, Majathia Apartment, Irla Nursing Home, S.V Road Vile Parle West, Mumbai", "time": "9.30pm-11.30am"}}, {"model": "nearapp.shop", "pk": 18, "fields": {"ShopName": "Power point gym", "image": "uploads/18804_1608187715532.jpg", "college": 1, "Type": "gym", "description": "Power point gym is distinguished by their unsurpassed motivating atmosphere, knowledgeable staff and premier exercise equipment, which supports the members in meeting their individual fitness goals. They provide workout environment with dedication to the highest quality of customer satisfaction deli", "distance": 0.65, "phoneNumber": 9511941590, "rating": 0.0, "AveragePrice": 8000, "Direction": "https://goo.gl/maps/fpPHeQedJy9fV8Sh8", "Amenities": "Locker & Shower Facility, free wifi, music and video entertainment", "address": "113/AA, Roshan House, Irla SV Road, Near Irla Signal,Opposite Kalpana Auto Service, Vile Parle West, 400056", "time": "6 to 11"}}, {"model": "nearapp.shop", "pk": 19, "fields": {"ShopName": "Resculpt Fitness", "image": "uploads/1676_1580893807932.jpg", "college": 1, "Type": "gym", "description": "\"Kaustubh Bornare Kickboxing Academy offers its clients the best of the knowledge to accomplish their goal.\"\"Enter in With Your Goal We Will Help You to Achieve it in No Time\"\". One of the unique kickboxing class Mumbai.  They like to workout out in new and friendly environments, you will always be", "distance": 0.7, "phoneNumber": 919867342979, "rating": 0.0, "AveragePrice": 5000, "Direction": "https://goo.gl/maps/7yKx6n8xFUJqeCxj6", "Amenities": "Locker & Shower Facility, Personal Training, Group Classes", "address": "1st Floor, Pace House (HeadQuarter), N S Rd Number 1 Gulmohar Road, MHADA Colony, JVPD Scheme, Vile Parle West,Opposite Bhaidas Hall,400056", "time": "24 hrs open"}}, {"model": "nearapp.shop", "pk": 20, "fields": {"ShopName": "1441 pizzeria", "image": "uploads/1441_Pizzeria.jpg", "college": 1, "Type": "Restaurant", "description": "The Joey's pizza is amazing and too cheesy and heavy then other pizzas we had ordered in veg Paneer Makani and Paneer veg mix it was loaded with paneer and cheese and the Veg loaded pizza Which was full of veggies, and In Chicken Pizza we had ordered Butter Chicken and Chicken Makani and the BBQ Chi", "distance": 5.1, "phoneNumber": 9167891441, "rating": 4.6, "AveragePrice": 450, "Direction": "https://www.google.com/maps/dir/21.1612892,72.792461/19.1471883,72.8295094/@20.1684844,71.7777644,8z/data=!3m1!4b1!4m4!4m3!1m1!4e1!1m0", "Amenities": "Safe & Hygenic, Home Delivery, Bang for buck,best service", "address": "19/20, Samartha Vaibhav, Near Sykz Gym, Andheri Lokhandwala, Andheri West, Mumbai", "time": "11pm-11am"}}, {"model": "nearapp.shop", "pk": 21, "fields": {"ShopName": "Transform studio", "image": "uploads/15460_1540291048009.jpg", "college": 1, "Type": "gym", "description": "\"The Transform Studio : Juhu's only premium personal training studio  Cutting edge equipment from USA Certified and skilled personal trainers Personalized, effective & result oriented workouts Opinion to get your own favourite trainer to their gym Changing room, Shower, Temporary lockers, Free Wi-fi", "distance": 0.6, "phoneNumber": 912249415683, "rating": 0.0, "AveragePrice": 10000, "Direction": "https://goo.gl/maps/Pm5BeDydCHGWW4cWA", "Amenities": "Locker & Shower Facility, Personal Training", "address": "2nd Floor, Gazebo House, Gulmohar Cross Road No. 7, JVPD Scheme,Above Aromas Cafe, Juhu, 400049", "time": "6 to 22"}}, {"model": "nearapp.shop", "pk": 22, "fields": {"ShopName": "XFitt", "image": "uploads/7724_1475665942436.jpg", "college": 1, "Type": "gym", "description": "\"X-FITT is a fitness studio unlike any other health club, A group training with variety of fitness activities. Their fitness program will meet the needs of our diverse community, which includes full-time Moms, Doctors, Lawyers, Chartered accountants, Athletes, Grand parents, Kids and Students. which", "distance": 1.9, "phoneNumber": 919870282588, "rating": 0.0, "AveragePrice": 7000, "Direction": "https://goo.gl/maps/M5AC6Q1n4TR1rKQJ7", "Amenities": "Locker & Shower Facility, Personal Training, Group Classes, parking", "address": "Varalakshmi C. H. S, Om Shri Siddhivinayak Society, Hanuman Rd, Navpada,Next To LIC Of India, Vile Parle East, 400057", "time": "6 to 22"}}, {"model": "nearapp.shop", "pk": 23, "fields": {"ShopName": "United Strength", "image": "uploads/9436_1479119240639.jpg", "college": 1, "Type": "gym", "description": "\"United Strength is a boutique gym located in Vile Parle West, Mumbai. It has an extensive gym workout offerings like Personal training, strength training, cardio. It also provides functional training exercises like metabollic conditioning and functional strength for fat and weight loss.  Run by som", "distance": 0.8, "phoneNumber": 912249415681, "rating": 0.0, "AveragePrice": 7000, "Direction": "https://goo.gl/maps/J46V7VKVL4XyekJW8", "Amenities": "Locker & Shower Facility, Personal Training", "address": "Ground Floor, 25 Rawal Nivas, N S Road Number 2, J.V.P.D,Swastik Society, Juhu, 400056", "time": "6 to 22"}}, {"model": "nearapp.shop", "pk": 24, "fields": {"ShopName": "Tribal Combat Vile Parle", "image": "uploads/18186_1576925210072.jpg", "college": 1, "Type": "gym", "description": "\"Tribal combat was founded in 2014 and started this new training system, which is TRIBAL COMBAT. Tribal Combat offers classes and Personal Training for men, women and children. non competitors and competitors.  Our Classes offers the best instruction in Boxing, Kickboxing, Stage combat, (fighting s", "distance": 1.6, "phoneNumber": 918657569338, "rating": 0.0, "AveragePrice": 6000, "Direction": "https://goo.gl/maps/ZUcKbCP1Ld5hmpTH8", "Amenities": "Personal Training, Group Classes", "address": "201, Man Excellenza, LIC Colony, Suresh Colony, Swami Vivekanand Road,Near Nanavati Hospital, Opposite Extra Care Petrol Pump, Vile Parle West, 400056", "time": "6 to 23"}}, {"model": "nearapp.shop", "pk": 25, "fields": {"ShopName": "SOI Chamber Orchestra", "image": "uploads/media-desktop-soi-chamber-orchestra-0-2021-1-29-t-12-58-10.jpg", "college": 1, "Type": "Event", "description": "\"Programme Bach: Brandenburg Concerto No. 3 Haydn: Cello Concerto in C major (Salauat Karibayev, cello)Britten: Simple Symphonyand more  The SOI Chamber Orchestra presents a programme of beloved classics featuring soloists from the Symphony Orchestra of India. The centrepiece of the programme will b", "distance": 28.2, "phoneNumber": 0, "rating": 0.0, "AveragePrice": 0, "Direction": "https://www.google.com/maps/dir//Tata+Theatre,+Netaji+Subhash+Chandra+Bose+Rd,+Nariman+Point,+Mumbai,+Maharashtra+400021/data=!4m6!4m5!1m1!4e2!1m2!1m1!1s0x3be7d1ee8a0c1e63:0xcb515eb6a7c720ea?sa=X&ved=2ahUKEwjLuITWx9fuAhWK7XMBHeZcAsMQ9RcwC3oECBkQBA", "Amenities": "Orchestra", "address": "Tata Theatre, Netaji Subhash Chandra Bose Rd, Nariman Point, Mumbai, Maharashtra 400021", "time": "5:00 PM"}}, {"model": "nearapp.shop", "pk": 26, "fields": {"ShopName": "The Golden Years", "image": "uploads/media-desktop-the-golden-years-0-2020-12-22-t-13-36-41.jpg", "college": 1, "Type": "Event", "description": "\"Bringing you music of the 60s 70s and 80s or what could be called The Golden Years of music, featuring Darren Das, Giselle Pinto and The Sixth Sense. This evening has been carefully crafted to take you down memory lane, to stir your souls into reminiscing over the good old days, when music touch", "distance": 28.6, "phoneNumber": 0, "rating": 0.0, "AveragePrice": 0, "Direction": "https://www.google.com/maps/dir//Experimental+Theatre,+National+Center+for+Performing+Arts,+Sir+Dorab+Tata+Road,+NCPA+Marg,+Nariman+Point,+Mumbai,+Maharashtra+400021/data=!4m6!4m5!1m1!4e2!1m2!1m1!1s0x3be7d1ee93db95cf:0x3364c28c4c1a331e?sa=X&ved=2ahUKEwjvxeDiyNfuAhWA7XMBHTUkAc4Q9RcwDHoECBMQBA", "Amenities": "music show", "address": "Experimental Theatre, National Center for Peforming Arts, Sir Dorab Tata Road, NCPA Marg, Nariman Point, Mumbai, Maharashtra 400021", "time": "7.00pm"}}, {"model": "nearapp.shop", "pk": 27, "fields": {"ShopName": "Live Stand up", "image": "uploads/media-desktop-karunesh-talwar-live-show-taping-0-2021-2-1-t-19-58-50.jpg", "college": 1, "Type": "Event", "description": "Life has changed drastically and completely for him but Karunesh is the same guy he was - thats the problem. Hes in a relationship now, he has a dog, he has responsibilities and the pandemic taught him hes a chef but hes never met a deadline in his life and even though he looks like a father of", "distance": 4.8, "phoneNumber": 0, "rating": 0.0, "AveragePrice": 0, "Direction": "https://www.google.com/maps/dir//Above+The+Habitat,+4th+Floor,+Hotel+Unicontinental,+3rd+Road+Khar+West,+next+to+Khar,+Railway+Station,+Mumbai,+Maharashtra+400052/data=!4m6!4m5!1m1!4e2!1m2!1m1!1s0x3be7c97afe5dc3ff:0xa11074ddcd6b6a0a?sa=X&ved=2ahUKEwiot4u9ydfuAhUQ7HMBHV3ZAxkQ9RcwDHoECBEQBA", "Amenities": "Standup comedy", "address": "Above The Habitat, 4th Floor, Hotel Unicontinental, 3rd Road Khar West, next to Khar, Railway Station, Mumbai, Maharashtra 400052", "time": "7:00 PM"}}, {"model": "nearapp.shop", "pk": 28, "fields": {"ShopName": "TCC Bandra (Workshop): How to Stand Up?", "image": "uploads/media-desktop-tcc-bandra-workshop-how-to-stand-up--2020-4-1-t-11-15-45.jpg", "college": 1, "Type": "Event", "description": "\"Popular opinion: Stand-up cannot be taught.   We agree.  In this 4 week-long workshop, we teach you how to flap your hands and then push you off an aircraft. The rest is one of the biggest dream clichs in the book: a never-ending free fall.  \"", "distance": 6.1, "phoneNumber": 0, "rating": 0.0, "AveragePrice": 0, "Direction": "https://www.google.com/maps/dir//That+Comedy+Club:+Bandra,+3rd+Floor,+Madhu+Milan+Building,+33rd+Road,+Pali+Hill,+above+Smoke+House+Deli,+Bandra+West,+Mumbai,+Maharashtra+400050/data=!4m6!4m5!1m1!4e2!1m2!1m1!1s0x3be7c9adcadf0e33:0xefaead08beb7f7b0?sa=X&ved=2ahUKEwiMsbOzytfuAhV74XMBHamZCwkQ9RcwDHoECB", "Amenities": "Workshop", "address": "That Comedy Club: Bandra, 3rd Floor, Madhu Milan Building, 33rd Road, Pali Hill, above Smoke House Deli, Bandra West, Mumbai, Maharashtra 400050", "time": "12:00 PM"}}, {"model": "nearapp.postimage", "pk": 1, "fields": {"post": 2, "images": "images/9111_1473831436686.jpg"}}, {"model": "nearapp.postimage", "pk": 2, "fields": {"post": 2, "images": "images/9111_1473831466302.jpg"}}, {"model": "nearapp.postimage", "pk": 3, "fields": {"post": 2, "images": "images/9111_1473831485733.jpg"}}, {"model": "nearapp.postimage", "pk": 4, "fields": {"post": 2, "images": "images/9111_1473831494702.jpg"}}, {"model": "nearapp.postimage", "pk": 5, "fields": {"post": 2, "images": "images/AnytimeFitnessLogo-with-Tag.png"}}, {"model": "nearapp.postimage", "pk": 6, "fields": {"post": 8, "images": "images/fa34f9264da95ee5ffc1406973c63075_1559318805.jpg"}}, {"model": "nearapp.postimage", "pk": 7, "fields": {"post": 8, "images": "images/Khurshid.jpg"}}, {"model": "nearapp.postimage", "pk": 8, "fields": {"post": 9, "images": "images/3420864de5d1f1aa040db858aeb66a1e.jpg"}}, {"model": "nearapp.postimage", "pk": 9, "fields": {"post": 9, "images": "images/Sardarji.jpg"}}, {"model": "nearapp.postimage", "pk": 10, "fields": {"post": 10, "images": "images/Burgzooka.jpg"}}, {"model": "nearapp.postimage", "pk": 11, "fields": {"post": 11, "images": "images/Anda_Apna_Apna.jpg"}}, {"model": "nearapp.postimage", "pk": 12, "fields": {"post": 12, "images": "images/TherollCo.jpg"}}, {"model": "nearapp.postimage", "pk": 13, "fields": {"post": 13, "images": "images/Joeys.jpg"}}, {"model": "nearapp.postimage", "pk": 14, "fields": {"post": 14, "images": "images/kls.jpg"}}, {"model": "nearapp.postimage", "pk": 15, "fields": {"post": 15, "images": "images/Nanavati.jpg"}}, {"model": "nearapp.postimage", "pk": 16, "fields": {"post": 17, "images": "images/The_J.jpg"}}, {"model": "nearapp.postimage", "pk": 17, "fields": {"post": 20, "images": "images/1441_Pizzeria.jpg"}}, {"model": "nearapp.postimage", "pk": 18, "fields": {"post": 1, "images": "images/1.jpg"}}, {"model": "nearapp.postimage", "pk": 19, "fields": {"post": 1, "images": "images/2.jpg"}}, {"model": "nearapp.postimage", "pk": 20, "fields": {"post": 1, "images": "images/3.jpg"}}, {"model": "nearapp.postimage", "pk": 21, "fields": {"post": 1, "images": "images/4.jpg"}}, {"model": "nearapp.postimage", "pk": 22, "fields": {"post": 1, "images": "images/5.jpg"}}, {"model": "nearapp.postimage", "pk": 23, "fields": {"post": 3, "images": "images/1_VPC8pIp.jpg"}}, {"model": "nearapp.postimage", "pk": 24, "fields": {"post": 3, "images": "images/2_J11ohVx.jpg"}}, {"model": "nearapp.postimage", "pk": 25, "fields": {"post": 3, "images": "images/3_aObDWDy.jpg"}}, {"model": "nearapp.postimage", "pk": 26, "fields": {"post": 3, "images": "images/4_5oZ4Da0.jpg"}}, {"model": "nearapp.postimage", "pk": 27, "fields": {"post": 3, "images": "images/5_1fXjQE6.jpg"}}, {"model": "nearapp.postimage", "pk": 28, "fields": {"post": 16, "images": "images/1_fOSbgrj.jpg"}}, {"model": "nearapp.postimage", "pk": 29, "fields": {"post": 16, "images": "images/2_5vPI1HQ.jpg"}}, {"model": "nearapp.postimage", "pk": 30, "fields": {"post": 16, "images": "images/3_gHm40Qw.jpg"}}, {"model": "nearapp.postimage", "pk": 31, "fields": {"post": 16, "images": "images/4_6Btsqxm.jpg"}}, {"model": "nearapp.postimage", "pk": 32, "fields": {"post": 16, "images": "images/5_yGUMpxs.jpg"}}, {"model": "nearapp.postimage", "pk": 33, "fields": {"post": 18, "images": "images/1_rXKgsga.jpg"}}, {"model": "nearapp.postimage", "pk": 34, "fields": {"post": 18, "images": "images/2_tJ5hAbY.jpg"}}, {"model": "nearapp.postimage", "pk": 35, "fields": {"post": 18, "images": "images/3_rLOzpcJ.jpg"}}, {"model": "nearapp.postimage", "pk": 36, "fields": {"post": 18, "images": "images/4_lUUOpzM.jpg"}}, {"model": "nearapp.postimage", "pk": 37, "fields": {"post": 18, "images": "images/5_jgzKkgd.jpg"}}, {"model": "nearapp.postimage", "pk": 38, "fields": {"post": 19, "images": "images/2_nQNhhMa.jpg"}}, {"model": "nearapp.postimage", "pk": 39, "fields": {"post": 19, "images": "images/3_Rs8Z64O.jpg"}}, {"model": "nearapp.postimage", "pk": 40, "fields": {"post": 19, "images": "images/4_qSeM51L.jpg"}}, {"model": "nearapp.postimage", "pk": 41, "fields": {"post": 19, "images": "images/5_FBXXYhQ.jpg"}}, {"model": "nearapp.postimage", "pk": 42, "fields": {"post": 19, "images": "images/1_WST46HS.jpg"}}, {"model": "nearapp.postimage", "pk": 43, "fields": {"post": 21, "images": "images/15460_1540291044201.jpg"}}, {"model": "nearapp.postimage", "pk": 44, "fields": {"post": 21, "images": "images/15460_1540291046357.jpg"}}, {"model": "nearapp.postimage", "pk": 45, "fields": {"post": 21, "images": "images/15460_1540291047983.jpg"}}, {"model": "nearapp.postimage", "pk": 46, "fields": {"post": 21, "images": "images/15460_1540291048009.jpg"}}, {"model": "nearapp.postimage", "pk": 47, "fields": {"post": 21, "images": "images/15460_1540291050121.jpg"}}, {"model": "nearapp.postimage", "pk": 48, "fields": {"post": 25, "images": "images/media-desktop-soi-chamber-orchestra-0-2021-1-29-t-12-58-10.jpg"}}, {"model": "nearapp.postimage", "pk": 49, "fields": {"post": 22, "images": "images/7724_1475665889989.jpg"}}, {"model": "nearapp.postimage", "pk": 50, "fields": {"post": 26, "images": "images/media-desktop-the-golden-years-0-2020-12-22-t-13-36-41.jpg"}}, {"model": "nearapp.postimage", "pk": 51, "fields": {"post": 22, "images": "images/7724_1475665942436.jpg"}}, {"model": "nearapp.postimage", "pk": 52, "fields": {"post": 27, "images": "images/media-desktop-karunesh-talwar-live-show-taping-0-2021-2-1-t-19-58-50.jpg"}}, {"model": "nearapp.postimage", "pk": 53, "fields": {"post": 22, "images": "images/7724_1475665943602.jpg"}}, {"model": "nearapp.postimage", "pk": 54, "fields": {"post": 28, "images": "images/media-desktop-tcc-bandra-workshop-how-to-stand-up--2020-4-1-t-11-15-45.jpg"}}, {"model": "nearapp.postimage", "pk": 55, "fields": {"post": 22, "images": "images/7724_1475665944973.jpg"}}, {"model": "nearapp.postimage", "pk": 56, "fields": {"post": 22, "images": "images/7724_1475665956700.jpg"}}, {"model": "nearapp.postimage", "pk": 57, "fields": {"post": 23, "images": "images/9436_1479119212220.jpg"}}, {"model": "nearapp.postimage", "pk": 58, "fields": {"post": 23, "images": "images/9436_1479119213379.jpg"}}, {"model": "nearapp.postimage", "pk": 59, "fields": {"post": 23, "images": "images/9436_1479119233888.jpg"}}, {"model": "nearapp.postimage", "pk": 60, "fields": {"post": 23, "images": "images/9436_1479119240444.jpg"}}, {"model": "nearapp.postimage", "pk": 61, "fields": {"post": 23, "images": "images/9436_1479119240639.jpg"}}, {"model": "nearapp.postimage", "pk": 62, "fields": {"post": 24, "images": "images/18186_1576925210072.jpg"}}, {"model": "nearapp.postimage", "pk": 63, "fields": {"post": 24, "images": "images/18186_1576925210263.jpg"}}, {"model": "nearapp.postimage", "pk": 64, "fields": {"post": 24, "images": "images/18186_1576925234853.jpg"}}, {"model": "nearapp.postimage", "pk": 65, "fields": {"post": 24, "images": "images/18186_1576925234943.jpg"}}, {"model": "nearapp.postimage", "pk": 66, "fields": {"post": 24, "images": "images/18186_1576925235638.jpg"}}, {"model": "nearapp.faqs", "pk": "1 Question", "fields": {"answer": "1 answer"}}, {"model": "nearapp.faqs", "pk": "2nd Question", "fields": {"answer": "2 answer"}}]