{
  "intents": [
    {
      "tag": "greeting",
      "patterns": ["Hi", "Hey", "How are you", "Is anyone there?", "Hello"],
      "responses": ["Hey", "Hello", "Hi there", "Hi there, how can I help?"]
    },
    {
      "tag": "near by Mukesh Patel School of Technology Management & Engineering MPSOTM&E",
      "patterns": [
        "gym near Mukesh Patel School of Technology Management & Engineering MPSOTM&E"
      ],
      "responses": [
        "<a href='/shop/18' >Power point gym (0.65KM)</a> <a href='/shop/2' >Anytime Fitness Vile Parle West (1.2KM)</a> <a href='/shop/16' >Vie Fit (1.5KM)</a> <a href='/shop/3' >Befit (3.8KM)</a>"
      ]
    },
    {
      "tag": "best Mukesh Patel School of Technology Management & Engineering MPSOTM&E",
      "patterns": [
        "Best gym Mukesh Patel School of Technology Management & Engineering MPSOTM&E"
      ],
      "responses": [
        "<a href='/shop/3' >Befit (5.0 Star)</a> <a href='/shop/2' >Anytime Fitness Vile Parle West (4.1 Star)</a> <a href='/shop/24' >Tribal Combat Vile Parle (0.0 Star)</a>"
      ]
    },
    {
      "tag": "near by Mukesh Patel School of Technology Management & Engineering MPSOTM&E",
      "patterns": [
        "gym near Mukesh Patel School of Technology Management & Engineering MPSOTM&E"
      ],
      "responses": [
        "<a href='/shop/18' >Power point gym (0.65KM)</a> <a href='/shop/2' >Anytime Fitness Vile Parle West (1.2KM)</a> <a href='/shop/16' >Vie Fit (1.5KM)</a> <a href='/shop/3' >Befit (3.8KM)</a>"
      ]
    },
    {
      "tag": "best Mukesh Patel School of Technology Management & Engineering MPSOTM&E",
      "patterns": [
        "Best gym Mukesh Patel School of Technology Management & Engineering MPSOTM&E"
      ],
      "responses": [
        "<a href='/shop/3' >Befit (5.0 Star)</a> <a href='/shop/2' >Anytime Fitness Vile Parle West (4.1 Star)</a> <a href='/shop/24' >Tribal Combat Vile Parle (0.0 Star)</a>"
      ]
    },
    {
      "tag": "near by Mukesh Patel School of Technology Management & Engineering MPSOTM&E",
      "patterns": [
        "gym near Mukesh Patel School of Technology Management & Engineering MPSOTM&E"
      ],
      "responses": [
        "<a href='/shop/18' >Power point gym (0.65KM)</a> <a href='/shop/2' >Anytime Fitness Vile Parle West (1.2KM)</a> <a href='/shop/16' >Vie Fit (1.5KM)</a> <a href='/shop/3' >Befit (3.8KM)</a>"
      ]
    },
    {
      "tag": "best Mukesh Patel School of Technology Management & Engineering MPSOTM&E",
      "patterns": [
        "Best gym Mukesh Patel School of Technology Management & Engineering MPSOTM&E"
      ],
      "responses": [
        "<a href='/shop/3' >Befit (5.0 Star)</a> <a href='/shop/2' >Anytime Fitness Vile Parle West (4.1 Star)</a> <a href='/shop/24' >Tribal Combat Vile Parle (0.0 Star)</a>"
      ]
    },
    {
      "tag": "near by MMK Bandra MB",
      "patterns": ["bookStore near MMK Bandra MB"],
      "responses": ["<a href='/shop/4' >The Osho Book Shop (0.3KM)</a>"]
    },
    {
      "tag": "best MMK Bandra MB",
      "patterns": ["Best bookStore MMK Bandra MB"],
      "responses": ["<a href='/shop/4' >The Osho Book Shop (3.0 Star)</a>"]
    },
    {
      "tag": "near by Mithibai College MC",
      "patterns": ["bookStore near Mithibai College MC"],
      "responses": ["<a href='/shop/5' >Vijay Book Centre (0.3KM)</a>"]
    },
    {
      "tag": "best Mithibai College MC",
      "patterns": ["Best bookStore Mithibai College MC"],
      "responses": ["<a href='/shop/5' >Vijay Book Centre (3.0 Star)</a>"]
    },
    {
      "tag": "near by Mithibai College MC",
      "patterns": ["hostel near Mithibai College MC"],
      "responses": [
        "<a href='/shop/6' >SVKM'S Shri G.R. Jani Hostel (0.0KM)</a>"
      ]
    },
    {
      "tag": "best Mithibai College MC",
      "patterns": ["Best hostel Mithibai College MC"],
      "responses": [
        "<a href='/shop/6' >SVKM'S Shri G.R. Jani Hostel (2.0 Star)</a>"
      ]
    },
    {
      "tag": "near by Mukesh Patel School of Technology Management & Engineering MPSOTM&E",
      "patterns": [
        "hostel near Mukesh Patel School of Technology Management & Engineering MPSOTM&E"
      ],
      "responses": ["<a href='/shop/7' >Wish Safe Student Housing (0.7KM)</a>"]
    },
    {
      "tag": "best Mukesh Patel School of Technology Management & Engineering MPSOTM&E",
      "patterns": [
        "Best hostel Mukesh Patel School of Technology Management & Engineering MPSOTM&E"
      ],
      "responses": [
        "<a href='/shop/7' >Wish Safe Student Housing (4.0 Star)</a>"
      ]
    },
    {
      "tag": "near by Mukesh Patel School of Technology Management & Engineering MPSOTM&E",
      "patterns": [
        "Restaurant near Mukesh Patel School of Technology Management & Engineering MPSOTM&E"
      ],
      "responses": [
        "<a href='/shop/8' >Khurshid Pav bhaaji (0.45KM)</a> <a href='/shop/9' >Sardaar Ji (1.8KM)</a> <a href='/shop/11' >Anda Apna apna (4.0KM)</a> <a href='/shop/10' >Burgzooka (4.8KM)</a>"
      ]
    },
    {
      "tag": "best Mukesh Patel School of Technology Management & Engineering MPSOTM&E",
      "patterns": [
        "Best Restaurant Mukesh Patel School of Technology Management & Engineering MPSOTM&E"
      ],
      "responses": [
        "<a href='/shop/12' >The Roll Company (4.4 Star)</a> <a href='/shop/10' >Burgzooka (4.3 Star)</a> <a href='/shop/11' >Anda Apna apna (3.9 Star)</a> <a href='/shop/8' >Khurshid Pav bhaaji (3.8 Star)</a>"
      ]
    },
    {
      "tag": "near by Mukesh Patel School of Technology Management & Engineering MPSOTM&E",
      "patterns": [
        "Restaurant near Mukesh Patel School of Technology Management & Engineering MPSOTM&E"
      ],
      "responses": [
        "<a href='/shop/8' >Khurshid Pav bhaaji (0.45KM)</a> <a href='/shop/9' >Sardaar Ji (1.8KM)</a> <a href='/shop/11' >Anda Apna apna (4.0KM)</a> <a href='/shop/10' >Burgzooka (4.8KM)</a>"
      ]
    },
    {
      "tag": "best Mukesh Patel School of Technology Management & Engineering MPSOTM&E",
      "patterns": [
        "Best Restaurant Mukesh Patel School of Technology Management & Engineering MPSOTM&E"
      ],
      "responses": [
        "<a href='/shop/12' >The Roll Company (4.4 Star)</a> <a href='/shop/10' >Burgzooka (4.3 Star)</a> <a href='/shop/11' >Anda Apna apna (3.9 Star)</a> <a href='/shop/8' >Khurshid Pav bhaaji (3.8 Star)</a>"
      ]
    },
    {
      "tag": "near by Mukesh Patel School of Technology Management & Engineering MPSOTM&E",
      "patterns": [
        "Restaurant near Mukesh Patel School of Technology Management & Engineering MPSOTM&E"
      ],
      "responses": [
        "<a href='/shop/8' >Khurshid Pav bhaaji (0.45KM)</a> <a href='/shop/9' >Sardaar Ji (1.8KM)</a> <a href='/shop/11' >Anda Apna apna (4.0KM)</a> <a href='/shop/10' >Burgzooka (4.8KM)</a>"
      ]
    },
    {
      "tag": "best Mukesh Patel School of Technology Management & Engineering MPSOTM&E",
      "patterns": [
        "Best Restaurant Mukesh Patel School of Technology Management & Engineering MPSOTM&E"
      ],
      "responses": [
        "<a href='/shop/12' >The Roll Company (4.4 Star)</a> <a href='/shop/10' >Burgzooka (4.3 Star)</a> <a href='/shop/11' >Anda Apna apna (3.9 Star)</a> <a href='/shop/8' >Khurshid Pav bhaaji (3.8 Star)</a>"
      ]
    },
    {
      "tag": "near by Mukesh Patel School of Technology Management & Engineering MPSOTM&E",
      "patterns": [
        "Restaurant near Mukesh Patel School of Technology Management & Engineering MPSOTM&E"
      ],
      "responses": [
        "<a href='/shop/8' >Khurshid Pav bhaaji (0.45KM)</a> <a href='/shop/9' >Sardaar Ji (1.8KM)</a> <a href='/shop/11' >Anda Apna apna (4.0KM)</a> <a href='/shop/10' >Burgzooka (4.8KM)</a>"
      ]
    },
    {
      "tag": "best Mukesh Patel School of Technology Management & Engineering MPSOTM&E",
      "patterns": [
        "Best Restaurant Mukesh Patel School of Technology Management & Engineering MPSOTM&E"
      ],
      "responses": [
        "<a href='/shop/12' >The Roll Company (4.4 Star)</a> <a href='/shop/10' >Burgzooka (4.3 Star)</a> <a href='/shop/11' >Anda Apna apna (3.9 Star)</a> <a href='/shop/8' >Khurshid Pav bhaaji (3.8 Star)</a>"
      ]
    },
    {
      "tag": "near by Mukesh Patel School of Technology Management & Engineering MPSOTM&E",
      "patterns": [
        "Restaurant near Mukesh Patel School of Technology Management & Engineering MPSOTM&E"
      ],
      "responses": [
        "<a href='/shop/8' >Khurshid Pav bhaaji (0.45KM)</a> <a href='/shop/9' >Sardaar Ji (1.8KM)</a> <a href='/shop/11' >Anda Apna apna (4.0KM)</a> <a href='/shop/10' >Burgzooka (4.8KM)</a>"
      ]
    },
    {
      "tag": "best Mukesh Patel School of Technology Management & Engineering MPSOTM&E",
      "patterns": [
        "Best Restaurant Mukesh Patel School of Technology Management & Engineering MPSOTM&E"
      ],
      "responses": [
        "<a href='/shop/12' >The Roll Company (4.4 Star)</a> <a href='/shop/10' >Burgzooka (4.3 Star)</a> <a href='/shop/11' >Anda Apna apna (3.9 Star)</a> <a href='/shop/8' >Khurshid Pav bhaaji (3.8 Star)</a>"
      ]
    },
    {
      "tag": "near by Mukesh Patel School of Technology Management & Engineering MPSOTM&E",
      "patterns": [
        "Restaurant near Mukesh Patel School of Technology Management & Engineering MPSOTM&E"
      ],
      "responses": [
        "<a href='/shop/8' >Khurshid Pav bhaaji (0.45KM)</a> <a href='/shop/9' >Sardaar Ji (1.8KM)</a> <a href='/shop/11' >Anda Apna apna (4.0KM)</a> <a href='/shop/10' >Burgzooka (4.8KM)</a>"
      ]
    },
    {
      "tag": "best Mukesh Patel School of Technology Management & Engineering MPSOTM&E",
      "patterns": [
        "Best Restaurant Mukesh Patel School of Technology Management & Engineering MPSOTM&E"
      ],
      "responses": [
        "<a href='/shop/12' >The Roll Company (4.4 Star)</a> <a href='/shop/10' >Burgzooka (4.3 Star)</a> <a href='/shop/11' >Anda Apna apna (3.9 Star)</a> <a href='/shop/8' >Khurshid Pav bhaaji (3.8 Star)</a>"
      ]
    },
    {
      "tag": "near by Mukesh Patel School of Technology Management & Engineering MPSOTM&E",
      "patterns": [
        "medicalFacility near Mukesh Patel School of Technology Management & Engineering MPSOTM&E"
      ],
      "responses": [
        "<a href='/shop/14' >KLS MEMORIAL HOSPITAL (0.6KM)</a> <a href='/shop/15' >Nanavati Super Speciality Hospital (1.9KM)</a>"
      ]
    },
    {
      "tag": "best Mukesh Patel School of Technology Management & Engineering MPSOTM&E",
      "patterns": [
        "Best medicalFacility Mukesh Patel School of Technology Management & Engineering MPSOTM&E"
      ],
      "responses": [
        "<a href='/shop/15' >Nanavati Super Speciality Hospital (0.0 Star)</a>"
      ]
    },
    {
      "tag": "near by Mukesh Patel School of Technology Management & Engineering MPSOTM&E",
      "patterns": [
        "medicalFacility near Mukesh Patel School of Technology Management & Engineering MPSOTM&E"
      ],
      "responses": [
        "<a href='/shop/14' >KLS MEMORIAL HOSPITAL (0.6KM)</a> <a href='/shop/15' >Nanavati Super Speciality Hospital (1.9KM)</a>"
      ]
    },
    {
      "tag": "best Mukesh Patel School of Technology Management & Engineering MPSOTM&E",
      "patterns": [
        "Best medicalFacility Mukesh Patel School of Technology Management & Engineering MPSOTM&E"
      ],
      "responses": [
        "<a href='/shop/15' >Nanavati Super Speciality Hospital (0.0 Star)</a>"
      ]
    },
    {
      "tag": "near by Mukesh Patel School of Technology Management & Engineering MPSOTM&E",
      "patterns": [
        "gym near Mukesh Patel School of Technology Management & Engineering MPSOTM&E"
      ],
      "responses": [
        "<a href='/shop/18' >Power point gym (0.65KM)</a> <a href='/shop/2' >Anytime Fitness Vile Parle West (1.2KM)</a> <a href='/shop/16' >Vie Fit (1.5KM)</a> <a href='/shop/3' >Befit (3.8KM)</a>"
      ]
    },
    {
      "tag": "best Mukesh Patel School of Technology Management & Engineering MPSOTM&E",
      "patterns": [
        "Best gym Mukesh Patel School of Technology Management & Engineering MPSOTM&E"
      ],
      "responses": [
        "<a href='/shop/3' >Befit (5.0 Star)</a> <a href='/shop/2' >Anytime Fitness Vile Parle West (4.1 Star)</a> <a href='/shop/24' >Tribal Combat Vile Parle (0.0 Star)</a>"
      ]
    },
    {
      "tag": "near by Mukesh Patel School of Technology Management & Engineering MPSOTM&E",
      "patterns": [
        "Restaurant near Mukesh Patel School of Technology Management & Engineering MPSOTM&E"
      ],
      "responses": [
        "<a href='/shop/8' >Khurshid Pav bhaaji (0.45KM)</a> <a href='/shop/9' >Sardaar Ji (1.8KM)</a> <a href='/shop/11' >Anda Apna apna (4.0KM)</a> <a href='/shop/10' >Burgzooka (4.8KM)</a>"
      ]
    },
    {
      "tag": "best Mukesh Patel School of Technology Management & Engineering MPSOTM&E",
      "patterns": [
        "Best Restaurant Mukesh Patel School of Technology Management & Engineering MPSOTM&E"
      ],
      "responses": [
        "<a href='/shop/12' >The Roll Company (4.4 Star)</a> <a href='/shop/10' >Burgzooka (4.3 Star)</a> <a href='/shop/11' >Anda Apna apna (3.9 Star)</a> <a href='/shop/8' >Khurshid Pav bhaaji (3.8 Star)</a>"
      ]
    },
    {
      "tag": "near by Mukesh Patel School of Technology Management & Engineering MPSOTM&E",
      "patterns": [
        "gym near Mukesh Patel School of Technology Management & Engineering MPSOTM&E"
      ],
      "responses": [
        "<a href='/shop/18' >Power point gym (0.65KM)</a> <a href='/shop/2' >Anytime Fitness Vile Parle West (1.2KM)</a> <a href='/shop/16' >Vie Fit (1.5KM)</a> <a href='/shop/3' >Befit (3.8KM)</a>"
      ]
    },
    {
      "tag": "best Mukesh Patel School of Technology Management & Engineering MPSOTM&E",
      "patterns": [
        "Best gym Mukesh Patel School of Technology Management & Engineering MPSOTM&E"
      ],
      "responses": [
        "<a href='/shop/3' >Befit (5.0 Star)</a> <a href='/shop/2' >Anytime Fitness Vile Parle West (4.1 Star)</a> <a href='/shop/24' >Tribal Combat Vile Parle (0.0 Star)</a>"
      ]
    },
    {
      "tag": "near by Mukesh Patel School of Technology Management & Engineering MPSOTM&E",
      "patterns": [
        "gym near Mukesh Patel School of Technology Management & Engineering MPSOTM&E"
      ],
      "responses": [
        "<a href='/shop/18' >Power point gym (0.65KM)</a> <a href='/shop/2' >Anytime Fitness Vile Parle West (1.2KM)</a> <a href='/shop/16' >Vie Fit (1.5KM)</a> <a href='/shop/3' >Befit (3.8KM)</a>"
      ]
    },
    {
      "tag": "best Mukesh Patel School of Technology Management & Engineering MPSOTM&E",
      "patterns": [
        "Best gym Mukesh Patel School of Technology Management & Engineering MPSOTM&E"
      ],
      "responses": [
        "<a href='/shop/3' >Befit (5.0 Star)</a> <a href='/shop/2' >Anytime Fitness Vile Parle West (4.1 Star)</a> <a href='/shop/24' >Tribal Combat Vile Parle (0.0 Star)</a>"
      ]
    },
    {
      "tag": "near by Mukesh Patel School of Technology Management & Engineering MPSOTM&E",
      "patterns": [
        "Restaurant near Mukesh Patel School of Technology Management & Engineering MPSOTM&E"
      ],
      "responses": [
        "<a href='/shop/8' >Khurshid Pav bhaaji (0.45KM)</a> <a href='/shop/9' >Sardaar Ji (1.8KM)</a> <a href='/shop/11' >Anda Apna apna (4.0KM)</a> <a href='/shop/10' >Burgzooka (4.8KM)</a>"
      ]
    },
    {
      "tag": "best Mukesh Patel School of Technology Management & Engineering MPSOTM&E",
      "patterns": [
        "Best Restaurant Mukesh Patel School of Technology Management & Engineering MPSOTM&E"
      ],
      "responses": [
        "<a href='/shop/12' >The Roll Company (4.4 Star)</a> <a href='/shop/10' >Burgzooka (4.3 Star)</a> <a href='/shop/11' >Anda Apna apna (3.9 Star)</a> <a href='/shop/8' >Khurshid Pav bhaaji (3.8 Star)</a>"
      ]
    },
    {
      "tag": "near by Mukesh Patel School of Technology Management & Engineering MPSOTM&E",
      "patterns": [
        "gym near Mukesh Patel School of Technology Management & Engineering MPSOTM&E"
      ],
      "responses": [
        "<a href='/shop/18' >Power point gym (0.65KM)</a> <a href='/shop/2' >Anytime Fitness Vile Parle West (1.2KM)</a> <a href='/shop/16' >Vie Fit (1.5KM)</a> <a href='/shop/3' >Befit (3.8KM)</a>"
      ]
    },
    {
      "tag": "best Mukesh Patel School of Technology Management & Engineering MPSOTM&E",
      "patterns": [
        "Best gym Mukesh Patel School of Technology Management & Engineering MPSOTM&E"
      ],
      "responses": [
        "<a href='/shop/3' >Befit (5.0 Star)</a> <a href='/shop/2' >Anytime Fitness Vile Parle West (4.1 Star)</a> <a href='/shop/24' >Tribal Combat Vile Parle (0.0 Star)</a>"
      ]
    },
    {
      "tag": "near by Mukesh Patel School of Technology Management & Engineering MPSOTM&E",
      "patterns": [
        "gym near Mukesh Patel School of Technology Management & Engineering MPSOTM&E"
      ],
      "responses": [
        "<a href='/shop/18' >Power point gym (0.65KM)</a> <a href='/shop/2' >Anytime Fitness Vile Parle West (1.2KM)</a> <a href='/shop/16' >Vie Fit (1.5KM)</a> <a href='/shop/3' >Befit (3.8KM)</a>"
      ]
    },
    {
      "tag": "best Mukesh Patel School of Technology Management & Engineering MPSOTM&E",
      "patterns": [
        "Best gym Mukesh Patel School of Technology Management & Engineering MPSOTM&E"
      ],
      "responses": [
        "<a href='/shop/3' >Befit (5.0 Star)</a> <a href='/shop/2' >Anytime Fitness Vile Parle West (4.1 Star)</a> <a href='/shop/24' >Tribal Combat Vile Parle (0.0 Star)</a>"
      ]
    },
    {
      "tag": "near by Mukesh Patel School of Technology Management & Engineering MPSOTM&E",
      "patterns": [
        "gym near Mukesh Patel School of Technology Management & Engineering MPSOTM&E"
      ],
      "responses": [
        "<a href='/shop/18' >Power point gym (0.65KM)</a> <a href='/shop/2' >Anytime Fitness Vile Parle West (1.2KM)</a> <a href='/shop/16' >Vie Fit (1.5KM)</a> <a href='/shop/3' >Befit (3.8KM)</a>"
      ]
    },
    {
      "tag": "best Mukesh Patel School of Technology Management & Engineering MPSOTM&E",
      "patterns": [
        "Best gym Mukesh Patel School of Technology Management & Engineering MPSOTM&E"
      ],
      "responses": [
        "<a href='/shop/3' >Befit (5.0 Star)</a> <a href='/shop/2' >Anytime Fitness Vile Parle West (4.1 Star)</a> <a href='/shop/24' >Tribal Combat Vile Parle (0.0 Star)</a>"
      ]
    },
    {
      "tag": "near by Mukesh Patel School of Technology Management & Engineering MPSOTM&E",
      "patterns": [
        "gym near Mukesh Patel School of Technology Management & Engineering MPSOTM&E"
      ],
      "responses": [
        "<a href='/shop/18' >Power point gym (0.65KM)</a> <a href='/shop/2' >Anytime Fitness Vile Parle West (1.2KM)</a> <a href='/shop/16' >Vie Fit (1.5KM)</a> <a href='/shop/3' >Befit (3.8KM)</a>"
      ]
    },
    {
      "tag": "best Mukesh Patel School of Technology Management & Engineering MPSOTM&E",
      "patterns": [
        "Best gym Mukesh Patel School of Technology Management & Engineering MPSOTM&E"
      ],
      "responses": [
        "<a href='/shop/3' >Befit (5.0 Star)</a> <a href='/shop/2' >Anytime Fitness Vile Parle West (4.1 Star)</a> <a href='/shop/24' >Tribal Combat Vile Parle (0.0 Star)</a>"
      ]
    },
    {
      "tag": "near by Mukesh Patel School of Technology Management & Engineering MPSOTM&E",
      "patterns": [
        "Event near Mukesh Patel School of Technology Management & Engineering MPSOTM&E"
      ],
      "responses": [
        "<a href='/shop/27' >Live Stand up (4.8KM)</a> <a href='/shop/28' >TCC Bandra (Workshop): How to Stand Up? (6.1KM)</a> <a href='/shop/25' >SOI Chamber Orchestra (28.2KM)</a> <a href='/shop/26' >The Golden Years (28.6KM)</a>"
      ]
    },
    {
      "tag": "best Mukesh Patel School of Technology Management & Engineering MPSOTM&E",
      "patterns": [
        "Best Event Mukesh Patel School of Technology Management & Engineering MPSOTM&E"
      ],
      "responses": [
        "<a href='/shop/28' >TCC Bandra (Workshop): How to Stand Up? (0.0 Star)</a>"
      ]
    },
    {
      "tag": "near by Mukesh Patel School of Technology Management & Engineering MPSOTM&E",
      "patterns": [
        "Event near Mukesh Patel School of Technology Management & Engineering MPSOTM&E"
      ],
      "responses": [
        "<a href='/shop/27' >Live Stand up (4.8KM)</a> <a href='/shop/28' >TCC Bandra (Workshop): How to Stand Up? (6.1KM)</a> <a href='/shop/25' >SOI Chamber Orchestra (28.2KM)</a> <a href='/shop/26' >The Golden Years (28.6KM)</a>"
      ]
    },
    {
      "tag": "best Mukesh Patel School of Technology Management & Engineering MPSOTM&E",
      "patterns": [
        "Best Event Mukesh Patel School of Technology Management & Engineering MPSOTM&E"
      ],
      "responses": [
        "<a href='/shop/28' >TCC Bandra (Workshop): How to Stand Up? (0.0 Star)</a>"
      ]
    },
    {
      "tag": "near by Mukesh Patel School of Technology Management & Engineering MPSOTM&E",
      "patterns": [
        "Event near Mukesh Patel School of Technology Management & Engineering MPSOTM&E"
      ],
      "responses": [
        "<a href='/shop/27' >Live Stand up (4.8KM)</a> <a href='/shop/28' >TCC Bandra (Workshop): How to Stand Up? (6.1KM)</a> <a href='/shop/25' >SOI Chamber Orchestra (28.2KM)</a> <a href='/shop/26' >The Golden Years (28.6KM)</a>"
      ]
    },
    {
      "tag": "best Mukesh Patel School of Technology Management & Engineering MPSOTM&E",
      "patterns": [
        "Best Event Mukesh Patel School of Technology Management & Engineering MPSOTM&E"
      ],
      "responses": [
        "<a href='/shop/28' >TCC Bandra (Workshop): How to Stand Up? (0.0 Star)</a>"
      ]
    },
    {
      "tag": "near by Mukesh Patel School of Technology Management & Engineering MPSOTM&E",
      "patterns": [
        "Event near Mukesh Patel School of Technology Management & Engineering MPSOTM&E"
      ],
      "responses": [
        "<a href='/shop/27' >Live Stand up (4.8KM)</a> <a href='/shop/28' >TCC Bandra (Workshop): How to Stand Up? (6.1KM)</a> <a href='/shop/25' >SOI Chamber Orchestra (28.2KM)</a> <a href='/shop/26' >The Golden Years (28.6KM)</a>"
      ]
    },
    {
      "tag": "best Mukesh Patel School of Technology Management & Engineering MPSOTM&E",
      "patterns": [
        "Best Event Mukesh Patel School of Technology Management & Engineering MPSOTM&E"
      ],
      "responses": [
        "<a href='/shop/28' >TCC Bandra (Workshop): How to Stand Up? (0.0 Star)</a>"
      ]
    },
    {
      "tag": "add places",
      "patterns": ["Can we add our own places"],
      "responses": [
        "Yes, we do have suggestions page. You can write your suggestions and let us know about nearby places."
      ]
    },
    {
      "tag": "contact",
      "patterns": ["How can we contact you?"],
      "responses": [
        "You can either write us a suggestion/feedback or you can mail us at <a href='helpdesk@studentcompanion.com.'>helpdesk@studentcompanion.com.</a>"
      ]
    },
    {
      "tag": "godwork",
      "patterns": ["Can we book services from student companion?"],
      "responses": [
        "We are extremely sorry but this feature is currently not available. We might add this in future update. Stay Tuned."
      ]
    },
    {
      "tag": "meet",
      "patterns": [
        ". Can we get directions to any place on student companion?"
      ],
      "responses": [
        "Yes, you just need to click on directions and you will be redirected to google maps"
      ]
    },
    {
      "tag": "add places",
      "patterns": ["Can we add our own places"],
      "responses": [
        "Yes, we do have suggestions page. You can write your suggestions and let us know about nearby places."
      ]
    },
    {
      "tag": "contact",
      "patterns": ["How can we contact you?"],
      "responses": [
        "You can either write us a suggestion/feedback or you can mail us at <a href='helpdesk@studentcompanion.com.'>helpdesk@studentcompanion.com.</a>"
      ]
    },
    {
      "tag": "godwork",
      "patterns": ["Can we book services from student companion?"],
      "responses": [
        "We are extremely sorry but this feature is currently not available. We might add this in future update. Stay Tuned."
      ]
    },
    {
      "tag": "meet",
      "patterns": [
        ". Can we get directions to any place on student companion?"
      ],
      "responses": [
        "Yes, you just need to click on directions and you will be redirected to google maps"
      ]
    }
  ]
}
